Gene,CTCF,EOMES,FOXA1,FOXA2,GATA4,GATA6,HNF1B,HNF4A,KLF5,NANOG,OTX2,POU5F1,PRDM1,SMAD2,SMAD4,SOX17,SOX2,SP1,SRF,STAT3,TCF4,THAP11
AASS,,,,,,,,,,0.9676067073170731,1.0,,,,,,,,,,,
ABCC4,,,1.0,,,,,,,0.5575221238938053,,0.6867256637168141,,,,,0.5352212389380532,,0.7897345132743364,0.7578761061946904,,
ABCC8,0.6290103931314958,,,,,,,,,,,,,,,,,,1.0,,,
ABCC9,1.0,,,,,,,,,,,,,,,,,,0.9750803858520903,,,
ABI3BP,0.7979724837074583,,,,,,,,,0.8431088583152304,,,,,,,,,0.6548394882935071,,1.0,
ABLIM3,1.0,,,,,,,,,,,,,,,,,,,,,
ABR,,,,,,,,,,,,,,,,,,,1.0,,,
ACAP1,0.9011116641778664,,,,,,,,,,,,,,,,,,0.7693711630993861,0.7458105193296831,,1.0
ACER2,,,,,,,,,,,,,,,,,,,1.0,,,
ACKR3,,,,,,,,,,0.808405172413793,,,,,,,,,,,1.0,
ACOX3,0.9323981747507184,,,,,,,,,,,,,,,,,,1.0,,,
ACOXL,0.8879113717823395,,,,,,,,,,,,,,,,,,1.0,,,
ACSBG1,0.8523998556477805,,,,,,,,,,,,,,,,,,1.0,,,
ACSL1,,,,,,,,,,,,0.9295366795366796,,1.0,,,,,0.766023166023166,,0.9631274131274132,
ACSL6,1.0,,,,,,,,,,,,,,,,,,,,,
ACSM3,1.0,,,,,,,,,,,,,,,,,,,,,
ACSM4,0.8112505811250582,,,,,,,0.8809855880985588,,,,,,,,,,,0.8628544862854487,,1.0,
ACSS1,1.0,,,,,,,,,,,,,,,,,,0.7225077081192189,,,
ACTC1,,,,,,,,,,,,,,,,,,,,,1.0,
ACTN2,1.0,,,,,,,,,,,,,,,,,,0.9544849614053764,,,
ADAM19,1.0,,,,,,,,,,,,,,,,,,0.9097068403908795,,,
ADAM28,1.0,,,,,,,,,,,,,,,,,,,,,
ADAMTS14,1.0,,,,,,,,,,,,,,,,,,,,,
ADAMTS16,,,,,,,,,,,,,,,,,,,1.0,,,
ADAMTS18,,,1.0,,,,,,,,,,,,,,,,,,,
ADAMTS2,0.82,,,,,,,,,,,,,,,,,,1.0,,,
ADAMTS20,,,,,,,,,,1.0,,,,,,,,,,,,
ADAMTS9,0.8351841028638223,0.8585622443015779,,,,,,,,1.0,,,,,,,,,0.9345412039742841,,,
ADAMTSL1,,,,0.8691618682021753,,,,1.0,,0.9468969929622519,,,,,,,,,0.9427383237364043,,0.9436980166346768,
ADAMTSL5,0.8734630002235636,,,,,,,,,,,,,,,,,0.9552872792309414,0.9510395707578806,1.0,,
ADAP2,0.9407407407407409,,,,,,,,,,,,,,,,,,1.0,,,
ADCK1,,,,,,,,,,,,,,,,,,,,,1.0,
ADCY10,,,,,,,,,,,,,,,,,,,,,1.0,
ADCYAP1R1,1.0,,,,,,,,,,,,,,,,,,,,,
ADD2,,,,,,,,,,,,,,,,,,,,,,1.0
ADGRA2,,,,,,,,,,1.0,,,,,,,,,,,,
ADGRD2,1.0,,,,,,,,,,,,,,,,,,,,,
ADGRF2,,,1.0,,,,,,,,,,,,,,,,,,,
ADGRF3,1.0,,,,,,,,,0.6475233309404164,,,,,,,,,0.747307968413496,,,
ADGRF4,,,,,,,,,,1.0,,,,,,,,,,,,
ADGRG1,1.0,,,,,,,0.5374507227332458,,,,,,,,,,,0.6943870846630374,,,
ADGRG3,1.0,,,,,,,,,,,,,,,,,,0.8324400564174895,,,
ADGRG5,1.0,,,,,,,,,,,,,,,,,,,,,
ADGRG6,1.0,,,,,,,,,,,,,,,,,,,,,
ADGRG7,1.0,,,,,,,,,,,,,,,,,,,,,
AFAP1L2,,,1.0,,,,,,,,,,,,,,,,,,,
AGFG2,,,,,,,,,,1.0,,,,,,,,,,,,
AGPAT3,0.9131681154059552,,,,,,,,,,,,,,,,,,1.0,,,
AHNAK,1.0,,,,,,,,,,,,,,,,,,,,,
AHSP,,,,,,,,,,,,,,,,,,,,,1.0,
AJAP1,0.9255007877560207,,,,,,,,,,,,,,,,,,1.0,,,
AK5,,,,,,,,,,,,,,,,,,,1.0,,,
AKAP1,0.6710267229254572,,,,,,,,,,,,,,,,,,1.0,,,
AKAP6,0.9621819848727939,,,,,,,,,,,,,,,,,,1.0,,,
AKNAD1,1.0,,,,,,,,,,,,,,,,,,,,,
ALDH1A1,0.76998001998002,,,,,,,,,,,,,,,,,,1.0,,,
ALDH1L2,0.9019037546271814,,,,,,,,,,,,,,,,,,1.0,,,
ALK,,1.0,,,,,,,,,,,,,,,,,,,,
ALKAL2,1.0,,,,,,,,,0.8907311769502583,,,,,,,,,0.773579777113346,,,
ALOX15,1.0,,,,,,,,,,,,,,,,,,0.6757977972324203,,,
ALOX5,0.9568034557235421,,,,,,,,,,,,,,,,,,1.0,,,
ALPG,0.9232459151448579,,,,,,,,,,,,,,,,,,1.0,,,
ALPK2,,,,,,,,,,,,,,,,,,,,,,
ALPK3,1.0,,,,,,,,,,,,,,,,,,0.7742069538717274,,,
ALPL,1.0,,,,,,,,,,,,,,,,,,0.9862515163768701,,,
AMBP,0.9509202453987731,,,,,,,,,,,,,,,,,,1.0,,,
AMHR2,1.0,,,,,,,,,,,,,,,,,,,,,
ANGPT2,0.9744718309859155,,,,,,,,,,,,,,,,,,,1.0,,
ANK1,,,,,,,,,,,,,,,,,,,1.0,,,
ANKDD1A,,,,,,,,,,1.0,,,,,,,,,,,,
ANKRD1,,,,,1.0,,,,,,,,,,,,,,,,,
ANKRD13B,1.0,,,,,,,,,,,,,,,,,,,,,
ANKRD18B,,,1.0,,,,,,,,,,,,,,,,,,,
ANKRD24,0.9781792911744266,,,,,,,,,,,,,,,,,,1.0,,,
ANKRD34A,,,,,,,,,,,,,,,,,,,,,1.0,
ANKRD34B,1.0,,,,,,,,,,,,,,,,,,,,,
ANKRD55,0.8244231851435003,,,,,0.8311761395610578,,,,1.0,,,,,,,,,0.9245920090039393,,,
ANKRD6,1.0,,,,,,,,,0.683728750233514,,,,,,,,,0.8598916495423127,,,
ANKRD7,1.0,,,,,,,,,,,,,,,,,,,,,
ANKS1B,0.6526082130965594,,0.6920088790233074,,,,,,,0.6043285238623751,0.39178690344062156,,,0.9794672586015539,,0.618756936736959,,,0.8285238623751388,0.5976692563817981,1.0,0.9389567147613762
ANO1,,,,,,,,,,1.0,,,,,,,,,,,,
ANXA2,1.0,,,,,,,,,,,,,,,,,,,,,
ANXA2R,,,,,,,,,,,,,,,,,,,,,1.0,
ANXA3,1.0,,,,,,,,,,,,,,,,,,,,,
AOC1,1.0,,,,,,,,,,,,,,,,,,,,,
APLP2,0.8881833241303148,,,,,,,,,,,,,,,,,,1.0,,,
APOBEC3F,,,,,,,,,,,,1.0,,,,,,,,,,
APOBEC3G,1.0,,,,,,,,,,,,,,,,,,0.7534378437843784,,0.5303905390539053,0.574119911991199
APOE,,,,,,,,,,,,,,,,,,,,,,1.0
APOL2,0.6994786875191659,,,,,,,,,,,,,,,,,,1.0,,,
APOL3,1.0,,,,,,,,,,,,,,,,,,0.8953568953568953,,,
APOLD1,0.8571428571428572,,0.6838235294117647,,,,,,,,,,,,,,,,1.0,,,0.5745798319327731
AQP12B,,,,,,,,,,,,,,,,,,1.0,,,,
ARC,1.0,,,,,,,,,,,,,,,,,,0.996934082779765,,,
ARG1,,,,,,,,,,1.0,,,,,,,,,,,,
ARHGAP24,0.8841214244016345,,,,1.0,0.684179801517805,,0.5770577933450088,,,,0.8000583771161704,,,,,,,,,,
ARHGAP29,,,,,,,,1.0,,,,,,,,,,,,,,
ARHGAP42,0.5921343349536015,,0.7856827220503755,,,,,,,1.0,,,,,,0.5824127264692884,,,0.8541758727353072,,,
ARHGDIG,,,,,,,,,,,,,,,,,,,,,,1.0
ARHGEF15,0.9087125788696468,,,,,,,,,,,,,,,,,,1.0,,,
ARHGEF19,1.0,,,,,,,,,,,,,,,,,,,0.9988324576765906,,
ARL4D,,,,,,,,,,,,,,,,,,1.0,,,,
ARMC12,,,,,,,,,,,,,,,,,,,,,1.0,
ARMC7,,,0.8167438271604938,1.0,,,,,,,,,,,,,,,,,,
ARRB1,1.0,,,,,,,,,,0.7185185185185186,,,,,,,,0.8545185185185186,,0.9520000000000001,
ARRDC4,,,,,,,,,,,,,,,,,,,,,1.0,
ARSJ,,,0.8085544962638496,,,,,,,1.0,,,,,,,,,,,,
ASS1,1.0,,,,,,,,,,,,,,,,,,,,,
ASTN1,1.0,,,,,,,,,,,,,,,,,,,,,
ATAD3C,,,,,,,,,0.7277834525025535,,,,,,,,,,,0.7155260469867211,,1.0
ATP10A,1.0,,,,,,,,,,,,,,,,,,0.90659550133435,,0.9839878002287457,
ATP1A2,0.7894187260703098,,,,,,,,,1.0,,,,,,,0.6832579185520362,,,,0.8391924817264184,
ATP2A3,0.9315948601662888,,,,,,,,,,,,,,,,,,1.0,,,
ATP2B2,0.6498966230186078,,,0.8711233631977948,,,,,0.7925568573397658,0.8159889731219849,,,,,,,,,0.653342522398346,,,1.0
ATP4A,1.0,,,,,,,,,,,,,,,,,,,,,
ATP8B3,1.0,,,,,,,,,,,,,,,,,,,,,
ATXN1,1.0,,,,,,,,,,,,,,,,,,,,,
AZGP1,1.0,,,,,,,,,,,,,,,,,,,,,
B3GALT1,1.0,,,,,,,,,,,,,,,,,,,,,
B3GALT2,1.0,,,,,,,,,,,,,,,,,,,,,
B3GNT2,0.982657706481682,,,,,,,,,,,,,,,,,,1.0,,,
B3GNT3,,,,,,,,,,,,,,,,,,,0.8795347549155359,,,1.0
B4GALT4,,,,,,,,0.9890329012961118,,,,,,,,,,,,1.0,,
BAALC,1.0,,,,,,,,,,,,,,,,,,,,,
BCAN,,,,,,,,,,,,1.0,,,,,0.9516070783676417,,,,,
BCL2L14,1.0,,,,,,,,,,,,,,,,,,0.6526019690576652,,,
BCL7C,,,,,,,,,,,,,,,,,,,1.0,,,
BDKRB2,0.7188612099644128,,,,,,,,,0.6896006326611309,,,,,,,,,1.0,,,
BDNF,0.8099640472521827,,,,,,,,,,,,,,,,,,1.0,,0.9419619928094504,
BEGAIN,1.0,,,,,,,,,,,,,,,,,,0.8208814072252697,,,
BEST2,1.0,,,,,,,,,,,,,,,,,,0.6732950567147459,,,
BHMT,0.9135410044500955,,,,,,,,,,,,,,,,,,1.0,,,
BICDL2,1.0,,,,,,,,0.958930584635207,,,,,,,,,,0.83378966017072,,,
BMP2,0.8929374718848404,,,,0.9320737741790374,,,,,,,,,,,,,,1.0,,,
BMPER,,,1.0,,,,,,,,,,,,,,,,,,,
BNIP3,0.8789119625621526,,,,,,,,,,,,,,,,,,1.0,,,
BRDT,,,,,,,,,,,,,,,,,,,1.0,,,
BTBD11,,,,,,,,,,1.0,,,,,,,,,,,,
BTBD17,1.0,,,,,,,,,,,,,,,,,,0.7040741644303489,,,
BTG2,0.7680543755310111,,,,,,,,,1.0,,,,,,,,,,,,
BTN3A1,1.0,,,,,,,,,,,,,,,,,,,,,
BTN3A2,0.913963963963964,,,,,,,,,,,,,,,,,,0.8085585585585587,,,1.0
C1QL1,,,,,,,,,,,,,,,,,,,,,1.0,
C1QTNF2,,,,1.0,,,,,,,,,,,,,,,,,,
C1R,,,,,,,,,,,,,,,,1.0,,,,,,
C2,0.952449567723343,,,,,,,1.0,,,,,,,,,,0.694164265129683,0.9265129682997119,0.7226224783861671,,
C3,,,,,,,,,,,,,,,,,,,1.0,,,
C7,0.8102893890675241,,,,,,,,,0.6534751422211229,,,,,,,,,1.0,,,
CA4,,,,,,,,,,,,,,,,,,,1.0,,,
CABCOCO1,0.9795826789320171,,,,,,,,,,,,,0.805025802109042,,,,,,,1.0,
CABP1,,,,,,,,,,1.0,,,,,,,,,,,,
CABS1,,,,,,,,,,0.8550102631087889,,,,,,,,,,,1.0,
CACNA1A,1.0,,,0.8991134209721797,,,,,,0.8749617853867317,,,,,,,,,0.9553653317028431,,,
CACNA1E,1.0,,0.7132805628847845,0.7031662269129287,,,,,,,,,,,,,,,0.9560246262093227,0.9454705364995604,,
CACNB4,1.0,,,,,,,,,0.654477009948911,,,,0.8556063457918794,,,,,0.7383705297122882,,0.5619790266200592,
CACNG7,1.0,,0.9063291139240506,0.8863924050632911,,,,,0.7765822784810127,,,,,,,,,,,,,
CADPS,,,,,,,,,,,,,,,,,,,,,1.0,
CALB1,0.7104856170739251,,0.7274976801732137,,0.7986390349520569,,,,,,,,,,,,,,1.0,,,
CALCA,1.0,,,,,,,,,,,,,,,,,,,,,
CALCB,,,,,,,,,,,,,,,,,,,1.0,,0.7212364052661707,
CALCR,1.0,,,,,,,,,,,,,,,,,,,,,
CALCRL,,,,,,,,,,,,,,,,,,,1.0,,,
CALHM6,1.0,,,,,,,,,,,,,,,0.9049421193232412,,,0.7782724844167408,,,
CAMK2D,1.0,0.8505608974358975,,0.8165064102564104,,,,,,0.6810897435897436,,,,,,,,,0.7712339743589745,,,
CAMK2N2,1.0,,,,,,,,,,,,,,,,,,0.983508517578833,,,
CAMKMT,1.0,,,,,,,,,0.7232679215058069,,0.9379255106127353,,,,0.9547456948338006,,,0.8974769723668402,,,
CAMKV,,,,,,,,,,,,,,,,,,,1.0,,,
CAPN11,,,,,,,,,,,,,,,,,,,,1.0,0.6638604930847866,
CAPN12,0.8941871026339692,,,,,,,,,,,,,,,,,,1.0,,,
CARMIL3,1.0,,,,,,,,,,,,,,,,,,0.7072691552062867,,,
CASQ2,,,0.8507142857142858,1.0,,,,,,,,,,,,,,,0.8778571428571429,,,
CASTOR3,,,,,,,,,,,,,,0.877187244480785,,,,,1.0,,,
CAVIN3,,,,,,,,,,,1.0,,,,,,,,,,,
CBR3,1.0,,,,,,,,,,,,,,,,,,0.9092024539877301,,,
CBX8,,,,,,,,1.0,,,,,,,,,,,,,,
CCBE1,,,,1.0,,,,,,,,,,,,,,,0.9918635170603675,,,
CCDC110,,,,,,,,,,,,,,,,,,,,,,1.0
CCDC141,0.8300554715078166,,,,,,,,,0.9379727685325264,,0.6671709531013617,,,,,,,0.7962682803832578,0.7281896116994454,1.0,
CCDC144A,0.9326041974578777,,,,,,,,,,,,,,,,,,1.0,,,
CCDC172,0.9403311465167136,,,,,,,,,,,,,,,,,,1.0,,,
CCDC184,1.0,,,,,,,,,,,,,,,,,,,,,
CCDC33,1.0,,,,,,,,,,,,,,,,,,0.9711255156157926,,,
CCDC81,1.0,,,,,,,,,,,,,,,,,,0.8627410325523532,,,
CCER2,,,,,,,,,,,,,,,,,,,,,1.0,
CCIN,1.0,,,,,,,,,,,,,,,,,,,,,
CCKBR,0.8080996884735203,,,,1.0,,,,,,,,,,,,,,0.5825545171339563,0.684423676012461,,
CCL26,,,,,,,,,,,,,,,,,,,0.7267471091000504,1.0,,
CCM2L,1.0,,,,,,,,,,,,,,,,,,0.9637372013651877,,,
CCNA1,,,,,,,,,,0.7919708029197081,,,,,,,,,0.9529389166346524,,1.0,
CCNI2,0.4515316827528325,,,,,,,0.7830465799412505,,0.47125472093999154,,,,,,,,,1.0,,,
CD163,1.0,,,,,,,,,,,,,,,,,,,,,
CD177,0.7085365853658537,,,,,,,,,,,,,,,,,,1.0,,,
CD247,0.910953177257525,,,,,,,,,,,,,,,,,,1.0,,,
CD300A,0.7424999999999999,,,,,,,,,,,,,,,,,,1.0,,,
CD300E,0.9232518476407049,,,,,,,,,,,,,,,,,,1.0,,,
CD34,1.0,,,,,,,,,,,,,,,,,,,,,
CD38,0.9729676400947121,,,,,,,,,,,,,,,,,,1.0,,,
CD4,1.0,,,,,,,,,,,,,,,,,,,0.9366585742661664,,
CD47,1.0,,0.7500000000000001,0.8035444947209653,,,,,,,,,,,,,,,,,,
CD48,1.0,,,,,,,,,,,,,,,,,,,,,
CD53,,,,,,,,,1.0,,,,,,,,,,0.7609571788413098,,,
CD80,1.0,,,,,,,,,,,,,,,,,,,,,
CD82,,,,,,,,,,,,,,,,,1.0,,,,,
CDC42EP1,,,,,,,,,,,,,,,,,,,1.0,,,
CDC42EP5,,,,,,,,,,,,,,,,,,,,1.0,0.9781144781144783,0.9267676767676768
CDH1,0.9386548410938655,,,,,,,,,,,,,,,,,,1.0,,,
CDH11,0.8276462395543176,,,,,,,,,1.0,,,,,,,,,,,,
CDH12,1.0,,0.878716744913928,,,,,,,0.7519561815336463,,,,,,,,,0.6731872717788212,,0.7329160146061555,
CDH2,1.0,,,,,,,,,0.8785871964679911,,,,,,,,,,,,
CDH22,0.9275618374558303,,,,,,,,,,,,,,,,,,1.0,,,
CDH23,0.9554963864587296,,,1.0,,,,0.7101559528337771,,,,,,,,,,,0.7896538607835678,,0.8577405857740585,
CDH4,1.0,,,,,,,,,,,,,,,,,,,,,
CDH7,0.8871745419479268,,,,,,,,,1.0,,,,,,,,,,,,
CDH9,,,,,,,,,,0.7814452812049352,,,,,,,,,1.0,,,
CDK14,,1.0,0.7691545574636723,,,,,,,,,,,,,,,,,,0.9550858652575958,
CDK5R2,1.0,,,,,,,,,,,,,,,,,,,,,
CDKL2,,,,,,,,,,,,,,,,,,,1.0,,,
CDKN1A,1.0,,,,,,,,,,,,,,,,,,0.8852140077821012,,,
CDKN2A,1.0,,,,,,,,,,,,,,,,,,,0.7506873100853712,0.7836781941831862,
CDKN2B,1.0,,,,,,,,,,,,,,,,,,0.7100203220259497,,,
CDRT4,,,,,,,,,,,,,,,,,,,1.0,,,
CEACAM1,1.0,,,,,,,,,,,,,,,,,,0.7130744446328641,,,
CELA3B,0.8594005449591281,,,,,,,,,,,,,,,,,,1.0,,,
CELF2,,,,,1.0,,,,,,,,,,,,,,,,,
CELF4,,,,,,,,,,0.9864489228630995,,,,,,,,,,,1.0,
CELF5,1.0,,,,,,,,,,,,,,,,,,0.6287919105907397,,0.5707823310271419,
CER1,,1.0,,,,,,,,,,,,,,,,,,,,
CERS3,,,0.9168724279835391,,,,,,,,,,,,,,,,,,1.0,
CFAP221,1.0,,,,,,,,,,,,,,,,,,0.6242902986916812,0.9642063687978278,0.6830412243890399,
CFAP92,,,,,,,,,,,,,,,,,,,1.0,,,
CHGA,1.0,,,,,,,,,,,,,,,,,,0.7192198898317702,,,
CHGB,1.0,,,,,,,,,,,,,,,,,,0.8971480582524272,,,
CHL1,0.9762845849802372,,,,,,,,,,,,,,,,,,1.0,,,
CHML,0.9669811320754716,,0.7885934819897082,,,,,,,1.0,,,,,,,,,,,,
CHP2,0.9765451664025356,,,,,,,,,,,,,,,,,,1.0,,,
CHRNA1,0.9702233250620347,,,,,,,,,,,,,,,,,,1.0,,,
CHST11,1.0,,,,,,,,,,,,,,,,,,0.7354627354627354,,,
CHST8,1.0,,,,,,,,,,,,,,,,,,,,,
CHST9,1.0,,,,,,,,,,,,,,,,,,,,,
CKM,0.980305268340719,,,,,,,,,,,,,,,,,,1.0,,,
CLC,,,,,,,,,,,,,,,,,,,1.0,,,
CLCF1,1.0,,,,,,,,,,,,,,,,,,0.7781718963165074,0.7064120054570259,0.6455661664392905,0.8043656207366984
CLDN11,,,,0.8204503956177724,,,,,,0.6244674376141206,,,,,,,,,1.0,,0.6640292148508826,
CLDN24,1.0,,,,,,,,,0.7609561752988047,,,,,,,,,,,0.8598937583001328,
CLDN4,1.0,,,,,,,,,,,,,,,,,,,,,
CLEC14A,,,,,,,,,,,,,,,,,,,,,1.0,
CLEC20A,0.9881756756756758,,,,,,,,,,,,,,,,,,1.0,,,
CLEC2L,,,,1.0,0.9766511007338226,,,,,,,,,,,,,,,,,
CLMP,1.0,,,,,,,,,,,,,,,,,,0.9819184799264479,,,
CLPSL2,,,,,,,,,,1.0,,,,,,,,,,,,
CLSTN2,,,,,,,,,,,,,,,,,,,1.0,,,
CNGA1,,,,,,,,,,0.9344783715012723,,,,,,,,,1.0,,0.8959923664122138,
CNGA3,1.0,,,,,,,,,,,,,,,,,,0.8269306930693069,,,
CNGA4,,,,,,,,,,,,,,,,1.0,,,,,,
CNMD,0.5497693795566136,,0.7076327927391758,,,,,,,,,,,,,,,,1.0,,,
CNN1,1.0,,,,,,,,,,,,,,,0.5760151085930122,,0.5922568460812087,0.8517469310670444,,,
CNR1,,,,,,,,,,1.0,,,,,,,,,0.8337846987136087,,0.6401489505754908,
CNTFR,,,,,,,,,,,,,,,,,,,1.0,,0.777634130575307,
CNTN2,0.8202866593164279,,,,,,,,,,,,,,,,,,1.0,,,
CNTN4,,,,,,,,,1.0,,,,,,,,,,0.9563243243243242,,,
CNTNAP2,0.6823983377856931,,,0.5749480558029089,,,,,,1.0,0.5776194716533096,,,,,,,,0.7079252003561888,,0.7622439893143366,
CNTNAP5,,,,,,1.0,,,,,,,,,,,,,,,,
COBL,,,,1.0,,,,,,,,,,,,,,,,,,
COL13A1,0.9675435599590023,,,0.8923812777587974,,,,,,,,,,,,,,,1.0,,0.9719849675435599,
COL14A1,0.5896956299948989,,0.48359122598197585,0.9153205237204558,,,,,,1.0,,,,,,,,,0.7367794592756335,,,
COL22A1,,0.8697478991596639,,,,,,1.0,,,,,,,,,,,0.9525810324129652,,0.907563025210084,
COL23A1,1.0,,,,,,,,,,,,,,,,,,0.7595505617977527,,,0.6206460674157304
COL27A1,1.0,,,,,,,,,,,,,,,,,,0.8525817895151754,,,
COL2A1,,,,,,,,,,,,,,,,,,,1.0,,,
COL4A1,1.0,,,,0.7269784172661871,,,,,,,,,,,,,,,,,
COL5A1,1.0,,,,,,,,,,,,,,,,,,0.8941220798794273,,,
COL5A2,0.9879051765844219,,1.0,0.6932752781809385,,,,,,0.5911949685534591,,0.801402999516207,,,,,,,0.9356555394291244,,,
COL6A2,,,,,,,,,,1.0,,,,,,,,,,0.8447878987175272,,
COL6A3,,,,,,,,,,,,,,,,,,,1.0,,,
COL8A2,,,,,,,,,,,,,,,,,,,,1.0,,
COLCA2,1.0,,,,,,,,,,,,,,,,,,,,,
COLEC10,,0.725552050473186,0.8822292323869612,0.7818086225026288,,,,,,0.7455310199789695,,,,,,,,,,,1.0,
COLEC12,1.0,,,0.8481155495373504,,,,,,,,,,,,,,,0.6610245994132249,,,
CP,,,,,0.890695915279879,,,,,,,,,,,,,,1.0,,,
CPB1,,,,,,,,,,1.0,,,,,,,,,,0.9440159243592934,,
CPE,,,,,,,,,,1.0,,,,,,,,,,,,
CPNE5,0.7918763479511143,,0.6380301941049605,,,,,,,,,,,,,0.8508267433501078,,,0.5664989216391086,,1.0,
CPNE7,,,,,,,,,,,,,,,,1.0,,,,,,
CPNE9,,,0.9140154772141015,1.0,,,,,,,,,,,,,,,,,,
CR2,1.0,,,,,,,,,,,,,,,,,,,,,
CRABP1,,,1.0,,,,,,,,,,,,,,,,,,,
CRB2,,,,,,,,,,,,,,,,,,,1.0,,,
CRHBP,,,,,,,,,,,,,,,,,,,,,1.0,
CRIP1,,,,,,,,,,,,,,,,,,1.0,,,,
CRIP3,1.0,,,,,,,,,,,,,,,,,,0.6451529956286963,,,
CRPPA,,,,,,,,,,,,,,,,,,,,,1.0,
CRTAC1,0.767983789260385,,,,,,,,,0.78419452887538,,,,,,,,,1.0,,,
CRYBG2,1.0,,,,,,,,,,,,,,,,,,,,,
CRYGD,0.6817959980478283,,,1.0,,,,,,,,,,,,,,,0.8150317227916057,,0.6539775500244023,
CSF3R,,,,,,,,,,,,,,,,,,,,1.0,,
CSMD2,0.8095090118085768,,,,,,,,,1.0,,,,,,,,,,,,
CSMD3,,,,,,,,,,,0.9975967957276369,,,,,,,,,,1.0,
CSRP2,0.7360695026962253,,,,,,,,,0.8996405032953865,,,,,,,,,1.0,,,
CST1,1.0,,,,,,,,,,,,,,,,,,,,,
CST2,,,0.8016046681254557,1.0,,,,,,0.787016776075857,,,,,,,,,,,0.8366156090444931,
CTDSP1,,,,,,,,1.0,,,,,,,,,,,,,,
CUZD1,1.0,,,,,,,,,,,,,,,,,,0.8893280632411067,,,
CXCL12,1.0,,,,,,,,,,,,,,,,,,,,,
CXCR2,,,,,,,,,,1.0,,,,,,,,,,,0.6161063330727131,
CXCR4,,,1.0,,,,,,,,,,,,,,,,,,,
CYP1A1,,,,,,,,,,,,,,,,,,,1.0,,,
CYP27A1,0.8977318480740841,,,,,,,,,,,,,,,,,,1.0,,,
CYP2A13,1.0,,,,,,,,,,,,,,,,,,,,,
CYP2B6,1.0,,,,,,,,,,,,,,,,,,,,,
CYP2S1,0.6421391234418977,,,,,,,,,,,,,,,,,0.5508644953759548,1.0,,,
CYP3A4,0.8910533910533911,,,,,,,,,,,,,,,,,1.0,,,,
CYP3A43,0.8692634014654839,,1.0,,,,,,,,,,,,,,,,0.7539529502506748,,,
CYRIA,0.9799178457325424,,,1.0,,,,,,,,,,,,,,,,,,
DAAM2,1.0,,,,,,,,,,,,,,,,,,,,,
DAB1,,,,,,,,,,,,,,,,,,,1.0,,,
DACT2,0.9460910151691948,,,,,,,,,,,,,,,,,,1.0,,,
DAZL,1.0,,,,,,,,,,,0.6500129433083095,,,,,,,0.756924669945638,,,
DBNDD2,0.8989086731763354,,,,,,,,,,,,,,,,,,1.0,,,
DCHS2,,,,,,,,,,,,,,,,1.0,,,,,,
DDB2,0.7042332492290442,,,,,,,,,,,,,,,,,,1.0,0.7185309784132325,0.7524530417717971,
DDX47,1.0,,,,,,,,,0.7209357277882796,,,,,,,,,,,,
DENND2B,0.9879558380729341,,0.7049180327868853,0.8303780528604884,0.9364335898293743,,,,0.7694881231180997,0.9672131147540983,,,0.9049849447975912,,,,,,1.0,,0.7517564402810304,
DEPTOR,0.801478352692714,,,,,,,,,,,,,,,,,,,,1.0,
DET1,1.0,,,,,,,,,,,,,,,,,,0.755072463768116,,,
DGCR6,1.0,,,,,,,,,,,,,,,,,,,,,
DIO3,,,1.0,,,,,,,,,,,,,,,,,,,
DIRAS2,,,,,,,,,,1.0,,,,,,,,,0.8807658833768495,,0.6927763272410791,
DISP2,,,,,,,,,1.0,,,,,,,,,,,,,
DISP3,0.8181818181818182,,,,,,,,,,,,,,,,,,,,1.0,
DKK1,1.0,,,,0.7638971906754334,,,,,,,,,,,,,,,,,
DKK2,,,0.9090909090909091,0.797520661157025,,,,,,,,,,,,,,,,,1.0,
DLC1,0.8305455993628038,,,,,,,,,,,,,,,,,,1.0,,,
DMTN,0.997791519434629,,,,,,,,,,,,,,,,,,1.0,,,
DNAH11,,,,,,,,,,,,,,,,,,,1.0,,,
DNAH12,,,,,,,,,,,,,,,,,,,,,1.0,
DNAJB2,,,,,,,,1.0,,,,,,,,,,,,,,
DNAJC22,,,,,,,,,1.0,,,,,,,,,,,,,
DNAJC6,1.0,,,,,,,,,,,,,,,,,,0.9765541740674956,,,
DNM3,1.0,,,,,,,,,,,,,,,,,,,,,
DNMT3B,0.8757167622349646,,,,,,,,,,,,,,,,,,1.0,,,
DNMT3L,1.0,,,,,,,,,,,,,,,,,,,,,
DOC2A,0.848452012383901,,,,,,,,,,,,,,,,,,1.0,,,
DOCK10,,,,,,,,,,,,,,,,,,,,,,
DOCK2,1.0,,,,,,,,,0.9171079057878402,,,,,,,,,0.9286105532225674,,,
DPEP3,0.8481050432706654,,,,,,,,,,,,,,,,,,1.0,,,
DPYD,,,,,,,,,,0.7976042957455597,,,,,,,,,,,1.0,
DPYSL2,1.0,,,,,,,,,,,,,,,,,,,,,
DRAXIN,,,,,,,,,,,,,,,,,,,,,,
DRC3,1.0,,,,,,,,,,,,,,,,,,,,,
DRD2,0.9166855845629964,,,,,,,,,0.8433598183881953,,,,,,,,,1.0,,,
DSC3,1.0,,,,,,,,,,,,,,,,,,,,,
DSCAM,,0.8333333333333334,,,,,,,,0.9235751295336787,,,,,,1.0,,,,,,
DTNA,1.0,,,,,,,,,0.8730442556995976,,,,,,,,,,,,
DUSP10,1.0,,,,,,,,,,,,,,,,,,0.9910034602076124,,,
DUSP4,,,,,,,,,,1.0,,,,,,,,,,,,
DUSP8,0.8666666666666667,,,,,,,,,,,,,,,,,,1.0,,,
DYNAP,,,,1.0,,,,,,,,,,,,,,,,,,
DYNC1I1,,,,,,,,,,,,,,,,,,,,,1.0,
EBI3,0.7508271824891829,,,,,,,,,,,,,,,,,,1.0,,,
ECE2,0.7915437561455261,,,,,,,,,1.0,,,,,,,,,0.8390691576532284,,0.9157653228449688,
ECEL1,0.7361073825503357,,,,,,,,,,,,,,,,,,,0.7769127516778525,1.0,
ECM1,1.0,,,,,,,,,,,,,,,,,,,,,
ECM2,,,1.0,,,,,,,,,,,,,,,,,,,
ECRG4,0.84260081719666,,,,,,,,,,,,,,,,,,1.0,,,
EDIL3,,,,,,,,,,,,,,,,,,,,,,
EDNRA,,,,1.0,,,,,,,,,,,,,,,,,0.9881988779260977,
EDNRB,,,,,,,,,,,,,,,,1.0,,,0.9349098000975133,,,
EFCAB8,1.0,,,,,,,,,,,0.8631826189078097,,,,,,,0.9330593071051088,,,
EFEMP1,0.9576271186440678,,,,,,,,,,,,,,,,,,1.0,,,
EGF,,,,,,,,,,,,,,,,,,,,,,
EGFLAM,,,,,,,,,,,0.8923303834808258,,,,,,,,1.0,,,
ELAVL2,,,,,,,,,,,,,,,,,,,0.9759615384615383,,0.9304029304029303,1.0
ELL2,1.0,,,,,,,,,,,,,,,,,,,,0.7089961601755348,
ELMO1,,,,,,,,,,,,,,,,,,,1.0,,,
ELN,1.0,,,,,,,,,,,,,,,,,,0.803288490284006,,,
ELOVL2,,,,,,,,,,,,,,,,,,,1.0,,,
EML6,1.0,,,,,,,,,,,,,,,,,,,,,
ENOX1,,,,,,,,,,,,,,,,1.0,,,,,,
ENPEP,,,1.0,,,,,,,,,,,,,,,,,,,
EPHA2,1.0,,,,,,,,,0.8825724949755959,,,,,,,,,0.9675567039908125,,,
EPHA4,0.7002276751834051,,,,,,,,,,,,,,,,,,1.0,,,
EPHB1,1.0,,,,,,,,,,,,,,,,,,,,,
ERBB4,,,,,,,1.0,,,,,,,,,,,,,,,
ERVMER34-1,1.0,,,,,,,,,,,,,,,,,,0.7814927857935627,,,
ERVW-1,,,,,,,,,,,,,,,,,,,0.89015606242497,,1.0,
EVA1A,1.0,,,,,,,,,,,,,,,,,,0.9370578189802392,,,
EXPH5,1.0,,,,,,,,,,,,,,,,,,0.703977798334875,,,
EXT1,0.9669767441860465,,,,,,,,,,,,,,,,,,1.0,,,
EYA2,,,,,,,,,,,,,,,,,,,0.9222512329561938,,1.0,
F2RL2,,,,,,,,,,1.0,,,,,,,,,,,,
FAM107A,1.0,,,,,,,,,,,,,,,,,,0.7802904564315353,,,0.8910788381742739
FAM110C,,,,,,,,,,,,,,,,,,,,,,
FAM124B,1.0,,,,,,,,,,,,,,,,,,,,,
FAM135B,,1.0,0.7850217318622534,0.7154797726512873,,0.9585422935473087,,,,,,,,,,0.7305249080575058,,,,,,
FAM13C,,0.7582644628099175,0.8863636363636366,,,,,,,,,1.0,,,,,,,,,0.8806818181818183,
FAM162B,1.0,,,,,,,,,,,,,,,,,,,,,
FAM163A,,,,,,,,,,,,,,,,,,,1.0,,,
FAM163B,0.9059829059829062,,,,,,,,,,,,,,,,,,,,,1.0
FAM167A,0.9309377738825592,,,,,,,,,,,,,,,,,,1.0,,,
FAM174B,1.0,,0.9573895492262839,0.8210361067503924,,,,,,0.608432383942588,,,,,,,,,0.8905584211706662,0.4702848172235928,,
FAM184A,,,,,,,,,,,,,,,,,,,1.0,,,
FAM205C,1.0,,,,,,,,,,,,,,,,,,,,,
FAM20A,1.0,,,,,,,,,,,,,,,,,,0.8239990742883593,,,
FAM214A,,,,,,,,,,0.8614072494669509,,0.7367922293295427,,,,,0.5150438284766643,,,,1.0,
FAM214B,0.9287624140565316,,,,,,,,,,,,,,,,,0.416348357524828,1.0,0.8827349121466769,0.5662719633307868,
FAM222A,0.9374498797113071,,,,,,,,,,,,,,,,,,0.9723336006415397,,,1.0
FAM81A,0.8904220779220778,,,,,,,,,,,,,,,,,,1.0,,,
FAM89A,0.9700219351693883,,,,,,,,,,,,,,,,,,1.0,,,
FAS,,,,,,,,,,,,,,,,,,,1.0,,,
FBLL1,,,0.8912983804556683,0.9769420807027175,,,,,,1.0,,,,,,,,,,,,
FBXL16,1.0,,,,,,,,,,,,,,,,,,,,,
FBXO34,1.0,,,,,,,,,,,,,,,,,,0.9876778641631216,,,
FCGBP,,,,,,,,0.7579346281383229,1.0,,,,,,,,,,0.8214116532449076,,,
FCGR2A,,,,,,,,,,,,,,,,,,,1.0,,,0.8505807814149948
FCRL5,1.0,,,,,,,,,,,,,,,,,,0.7340936374549821,,,
FERMT1,0.8497158492948853,,,,,,,,,,,,,,,,,,1.0,,,
FERMT2,1.0,,,,,,,,,,,,,,,,,,,,,
FGF10,,,,,,,,,,,,,,,,,,,,,1.0,
FGF19,0.9297041033186202,,,,,,,,,,,,,,,,,,1.0,,,
FGF2,1.0,,,,,,,,,,,,,,,,,,0.9315100514259,,,
FGF21,,,,,,,,,,,,,,,,1.0,,,0.7198633479746217,,,
FGF4,,,,,,,,,,,,,,,,,,,1.0,,,
FGF5,,,,,1.0,,,,,,,,,,,,,,,,,
FGF8,1.0,,,,,,,,,,,,,,,,,,0.7718815725610743,,,
FGFBP3,1.0,,,,,,,,,,,,,,,,,,0.6432932147217861,,,
FGR,1.0,,,,,,,,,,,,,,,,,,0.9085607165173922,,,
FIBCD1,1.0,,,,,,,,,,,,,,,,,,,,,
FIBIN,,,,1.0,,,,,,,,,,,,,,,,,,
FILIP1L,1.0,,,,,,,,,,,,,,,,,,,,,
FLNB,0.8134696755994357,,0.6103667136812412,0.6329337094499294,,,,0.6174188998589563,0.7165021156558533,,,,,,,,,,1.0,,,
FLRT3,1.0,,,,,,,,,,,,,,,,,,,,,
FLT1,1.0,,,,,,,,,,,,,,,,,,,,,
FMN1,,,,,,,,,,0.7749089705395564,,,,,,,0.9596160211850381,,,,1.0,
FMN2,,0.9086169886537873,,,1.0,,,,,,,,,,,,,,,,,
FN1,1.0,,,,,,,,,,,,,,,,,,,,,
FOLR1,1.0,,,,,,,,,,,,,,,,,,0.9753841563479039,,,
FREM1,0.8989859594383774,,,0.7901716068642745,0.705343213728549,,,,,,,,,,,,,,1.0,,0.7638455538221529,
FSHR,1.0,,,0.8491722869405273,,,,,,,,,,,,,,,,,,
FST,0.976840363937138,,,,,,,,,1.0,,,,,,,,,,,,
FXYD5,0.9903997707407938,,,,,,,,,,,,,,,,,,1.0,,,
FZD8,,,,,,,,,,,,,,,,,,,,,,
GAB2,,,,,,,,,,,,,,,,,,,1.0,,,
GABRA2,1.0,,,,,,,,,,,,,,,,,,0.8939809585283203,,0.7621429724060028,
GABRB2,,,,,,,,,,1.0,,,,,,,,,,,0.7633587786259541,
GABRD,,,,,,,,,,,,,,,,,,,1.0,,,
GABRP,1.0,,,,,,,,,,,,,,,,,,0.9537408894838614,,,
GABRR1,1.0,,,,,,,,,,,,,,,,,,,,,
GADD45A,1.0,,,,,,,,,,,,,,,,,,0.6809131935226972,,,
GALNT14,1.0,,,,,,,,,,,,,,,,,,0.7980336610564907,,,
GALNT3,0.8116452840828986,,,,,,,,,,,,,,,,,,1.0,,,
GALNT9,,,,,,,,,,,,,,,,,,,,,1.0,
GALR1,,,,,,,,,,,,,,,,,,,1.0,,,
GAPT,1.0,,,,,,,,,,,,,,,,,,,,,
GATM,0.5988280369619112,,,,,,,,,,,,,,,,,,1.0,,,
GBP2,1.0,,0.8269873079492318,0.864061456245825,,,,,,,,,,,,,,,,,,
GBP4,1.0,,,,,,,,,,,,,,,,,,0.693691692581075,,,
GCNT1,,,,,,,,,,,,,,,,,,,,,1.0,
GDAP1L1,1.0,,,,,,,,,,,,,,,,,,0.8419382751658495,,,
GDF6,,,,,,,,0.97223486572599,,,,,,,,,,,1.0,,,
GFAP,1.0,,,,,,,,,,,,,,,,,,0.9222434671765456,,,
GFRA1,,,,,,,,,,,,,,,,,,,,,1.0,
GFRA2,1.0,,,,,,,,,,,,,,,,,,,,,
GFRA3,1.0,,,,,,,,,,,,,,,,,,,,,
GIPR,,,,,,,,,,,,,,,,,,,1.0,,,
GJA5,,,,,,,,,,,,,,,,,,,1.0,,,
GLDC,,,,,,,,,,1.0,,,,,,,,,,,,
GLIPR2,0.8939971102062263,,,,,,,,,0.8795481413371865,,,,,,,,,1.0,,,
GLP1R,1.0,,,,,,,,,,,,,,,,,,,,,
GLS2,1.0,,,,,,,,,,,,,,,,,,0.5199583477959042,,,0.652724748351267
GLT1D1,,,,,,,,,,,,,,,,,,,1.0,,,
GMPR,1.0,,,,,,,,,,,,,,,,,,0.9642237351488453,,,
GNAO1,0.9719653179190749,,,,,,,,,,,0.7638728323699422,,,,,,,1.0,,0.691907514450867,
GNG4,1.0,,,,,,,,,,,,,,,,,,,,,
GOLGA6A,,,,,,,,,,,,,,,,,,,,,,1.0
GOLGA6D,,,,,,,,,,,,,,,,,,,1.0,,,
GPA33,1.0,,,,,,,,,,0.864190012180268,,,,,,,,,,,
GPAT2,,,,,,,,,,,,,,,,,,,1.0,,,
GPNMB,,,,,,,,,,,,,,,,0.9003994673768309,,,,,,1.0
GPR151,,,1.0,,,,,,,,,,,,,,,,,,,
GPR153,1.0,,,,,,,,,,,,,,,,,,,,,
GPR183,1.0,,,,,,,,,,,,,,,,,,,,,
GPR37L1,,,,,,,,,,,,,,,,,,,0.9568768376347598,1.0,,
GPR39,0.9868751745322535,,,,,,,,,,,,,,,,,,1.0,,,
GPR4,,,,,,,,,,,,,,,,,,,1.0,,,
GPR78,,,,,,,,,,,,,,,,,,,1.0,,,
GPRC5C,1.0,,,,,,,,,,,,,,,,,,0.6730340655842088,,,
GPSM2,1.0,,,,,,,,,,,,,,,,,,,,,
GRAP2,,,,,,,,,,,,,,,0.8210412147505424,,,,1.0,,,0.8351409978308026
GREB1,0.6839788732394366,,1.0,,,,,,,,,,,,,,,,,0.8274647887323944,0.6540492957746479,
GREB1L,,,,,,,,,1.0,,,,,,,,,,0.9531981279251169,,,
GRIA1,,,,,,,,,,1.0,,,,,,,,,,,,
GRID2,,,,,0.9841718485019785,,,,,1.0,,,,,,,,,,,,
GRIK3,1.0,,,,,,,,,,,,,,,,,,,,,
GRIP2,1.0,,,,,,,,,,,,,,,,,,0.9673340358271865,,,
GRK1,,,,,,,,,,,,,,,,,,,1.0,,,
GRM1,0.9750527055516515,,,,,,,,,,,,,,,1.0,,,,,,
GRM4,,,,,,,,,,,,,,,,,,,1.0,,,
GRP,1.0,,,,,,,,,,,,,,,,,,,,,
GSTA2,0.7332101047443007,,0.6050523721503389,,,,,,,,,,,,,,,,1.0,,,
GTF2H4,0.6384542884071631,,,,,,,,,,,,,,,,,,1.0,,,
GUCY1A1,,,,,,,,,,,,,,,,,,,,,1.0,
GULP1,0.8643326039387308,,,,,,,,,0.7972283005105761,,,,,,,,,0.9369073668854851,,1.0,
GYPE,0.849969873468568,,,,,,,,,,,,,,,,,,1.0,,,
H2AC12,1.0,,,,,,,,,,,,,,,,,,0.7699254024342364,,,
H2AC16,1.0,,,,,,,,,,,,,,,,,,0.7897923875432525,,,
H2BC13,,,,1.0,,,,,,0.8020893789901337,,,,,,,,,,0.8195008705745793,,
H3C8,,,,,,,,,,,,,,,,,,,,,1.0,
HACD2,0.6963410650114342,,,,,,,,,,,,,,,,,,1.0,,,
HAS2,1.0,,,,,,,,,0.7601588756492513,,,,,,,,,0.893369996944699,,,
HAS3,,,,,,,,,,1.0,,,,,,,,,,,0.9431502086230876,
HCK,1.0,,,,,,,,,,,,,,,,,,,,,
HCN1,,,,,,,,,,,,,,,,,,,1.0,,0.9033748493370831,
HCN4,1.0,,,,,,,,,,,,,,,,,,,,,
HDC,,,,,,,,,,,,,,,,,,,,,1.0,
HGF,1.0,,,,,,,,,0.7898706896551725,,,,,,,,,0.8250718390804597,,,
HHLA1,1.0,,,,,,,,,,,,,,,,,,,,,
HIPK2,,,,,,,,,,,,,,,,,,,1.0,,,
HLA-DQA1,,,,,,,,,,1.0,,,,,,,,,,,,
HLA-DQB1,1.0,,,,,,,,,,,,,,,,,,0.8863747195942652,,,
HLA-DRB1,1.0,,,,,,,,,,,,,,,,,,0.7989915966386555,,,
HLA-F,0.7382133995037221,,,,,,,,,0.8045905707196029,,,,,,,,,1.0,,0.9748759305210917,
HMCN1,,,,,,,,,,,,,,,,,,,,,1.0,
HMCN2,1.0,,,,,,,,,,,,,,,,,,0.998428496595076,,,
HOGA1,1.0,,,,,,,,,,,,,,,,,,0.6833922261484099,,,
HPCA,1.0,,,,,,,,,,,,,,,,,,0.786479802143446,,,
HPDL,0.674055572900406,,,,,,,,,,,,,,,,,,1.0,,,
HRH3,1.0,,,,,,,,,,,,,,,,,,,,,
HS3ST2,1.0,,,,,,,,,,,,,,,,,,,,,
HS3ST5,1.0,,,,,,,,,,,,,,,,,,,,,
HSD17B14,1.0,,,,,,,,,,,,,,,,,0.8981838194826639,0.8684645019262521,,,
HSD17B6,0.8814322978420677,,,,,,,,,,,,,,,,,0.6521223618686268,,1.0,,
HSH2D,0.8305755395683454,,,,,,,,,,,,,,,,,,1.0,,,
HSPG2,0.755167498218104,,,,,,,,,,,,,,,,,0.47647897362794006,1.0,,0.5520313613684961,
HTR1A,0.6958393113342899,0.811026849764296,,,,,,,,,,,,,,1.0,,,0.7843820455011271,,,
HTR6,,,,,,,,,,,,,,,,,,,1.0,,,
HTR7,0.7387820512820513,,,,,,,,,0.8637820512820513,,,,,,,,,,,1.0,
HTRA1,0.883065737655256,,,,,,,,,,,,,,,,,,1.0,,,
HTRA3,,,,,,,,,,,,,,,,,,,0.7126228660113813,,1.0,
HYAL4,1.0,,,,,,,,,,,,,,,,,,,,,
ICAM3,1.0,,,,,,,,,,,,,,,,,,0.9664864864864864,,,
IDO1,1.0,,,,0.8827857631759068,,,,,,,,,,,,,,0.9899041752224503,,,
IER3,0.9587719298245615,,,,,,,,,,,,,,,,,,1.0,,,
IFIT1,,,1.0,,,,,,,,,,,,,,,,,,,
IFITM1,1.0,,,,,,,,,,,,,,,,,,,,,
IGDCC3,1.0,,,,,,,,,,,,,,,,,,0.5875449851353465,,0.8327335315287122,
IGFBP5,0.8634585289514867,,,,,,,,,,,,,,,,,,1.0,,,
IGFL3,1.0,,,,,,,,,,,,,,,,,,,,0.8481219379422972,
IGSF10,,,0.818742985409652,1.0,,,,,,,,,,,,,,,,,,
IGSF21,0.8726382085374389,,,,,,,,,,,,,,,,,,1.0,,,
IL15,,,,,,,,,,,,,,,,,,1.0,,,,
IL1A,,,,,,,,,,,,,,,,,,,1.0,,,
IL1R1,1.0,,,,,,,,,,,,,,,,,,,,,
IL1RL1,1.0,,,,,,,,,,,,,,,,,,,,,
IL21R,,,,,,,,,,,,,,,,,,,1.0,,,
IL33,,,,,1.0,0.8758439609902475,,,,,,,,,,,,,,,,
IL4I1,,,,,,,,,,,,,,,,,,,1.0,,,
IL6R,1.0,,,,,,,,,,,,,,,,,,,,,
IL6ST,,,,,,,,,,1.0,,,,,,,,,,,,
IL7R,,,,,,,,,,,,,,,,,,,,,1.0,
INF2,0.8939657313136331,,,,,,,,,,,,,,,,,,1.0,,,
INHBA,,,,,,,,,,,,,,,,,,,,,1.0,
INHBB,,,,,,,,,,,,,,,,,,,,1.0,,0.872431769395891
INHBE,1.0,,,,,,,,,,,,,,,,,,,,,
INKA2,0.7994257588187038,,,,,,,,,,,,,,,,,,1.0,,,
INPP4A,1.0,,,,,,,,,,,,,,,,,,0.9722991689750692,,,
INPP5D,,,,,,,,,,,,,,,,,,,1.0,,,
INSYN1,1.0,,,,,,,,,,,,,,,,,,,,,
IP6K3,0.7949828281319995,,,,,,,,,,,,,,,1.0,,,0.7583992832611618,,,
IQGAP2,,,,,,,,,,,,,,,,,,,,,1.0,
ISLR,0.9544764795144158,,,,,,,,,,,,,,,,,,1.0,,,
ISLR2,,,,,,,,,,,,,,,,,,,,,1.0,
ITGA5,1.0,,,,,,,,,,,,,,,,,,0.9876322835649622,,,
ITGA9,,,,,1.0,,,,,,,,,,,,,,,,,
ITGAV,1.0,,,,,,,,,,,,,,,0.6891961085509473,,,0.9179040791944018,,,
ITGB3,0.9636737491432488,,,,,,,,,,,,,,,,,,1.0,,,
ITLN2,0.9588916647740177,,,,,,,,,,,,,,,,,,0.722007722007722,,1.0,
ITPRID1,,,1.0,,,,,,,,,0.9168316831683168,,,,,,,,,,
ITPRIPL2,,,,,,,,,,,,,,,,,,,1.0,,,
JAG1,,,,,,,,,,0.9800266311584555,,,,,,,,,0.9104527296937418,,1.0,
JAKMIP1,0.8444402845376264,,,,,,,,,,,,,,,,,,1.0,,,
JPH2,1.0,,,,,,,,,,,,,,,,,,,,,
JPH4,1.0,,,,,,,,,,,,,,,,,,0.9638014527845036,,,
KCNA1,,,,,,,,,,,,,,,,,,,1.0,,,
KCNA3,1.0,,,,,,,,,,,,,,,,,,0.897914379802415,,,
KCNA5,,,,1.0,,,,,,,,,,,,,,,,,,
KCNF1,1.0,,,,,,,,,,,,,,,,,,,,,
KCNG1,,,,,,,,,,,,,,,,,,,1.0,,,
KCNH2,0.8496972887602001,,,0.8012634903922086,,,,,,,,,,,,,,,1.0,,0.5985785733087655,
KCNH6,,,1.0,,,,,,,,,,,,,,,,,,,
KCNH7,,,,,,,,,,,,,,,,,,,1.0,,,
KCNH8,1.0,,,,,,,,,,,,,,,,,,,,,
KCNIP1,0.9178571428571428,,,,,,,,,,,,,,,,,,1.0,,,
KCNJ13,0.6495638030459856,,,,,,,,,,,,,,,,,,1.0,,,
KCNJ2,,,,1.0,,,,,,,,,,,,,,,,,,
KCNJ3,0.5840399002493766,,0.8184538653366583,0.941645885286783,,,,,0.7630922693266834,0.6713216957605984,,,,,,,,,1.0,,,
KCNK1,,0.9372937293729372,1.0,,,,,,,,,,,,,,,,0.8258159149248259,,0.8958562522918957,
KCNK12,0.8696236559139784,,,,,,1.0,,,,,,,,,,,,0.8266129032258065,,,
KCNK17,1.0,,,,,,,,,,,,,,,,,,0.8989465470152165,,,0.8860710105345299
KCNK2,1.0,,0.8391127772571072,0.9053420805998126,,,,,,,,,,,,,,,,,,
KCNMA1,1.0,,,,,,,,,,,,,,,,,,,,,
KCNN2,1.0,,,,,,,,,,,,,,,,,,0.8997844827586207,,,
KCNN3,1.0,,,,,,,,,,,,,,,,,,,,,
KCNQ4,1.0,,,,,,,,,,,,,,,,,,0.7057191305688301,,,
KCNS1,1.0,,,,,,,,,,,,,,,,,,,,,0.9161887957653287
KCNS3,,,1.0,,,,,,,0.8583934088568484,,,,,,,,,,,,
KCNV2,,,,,,,,,,,,,,,,,,,,,,
KCTD8,0.9560557341907824,,,,,,,,,,,,,,,,,,,,1.0,
KDR,1.0,,,,,,,,,,,,,,,,,,,,,
KIAA0319,1.0,,,,,,,,,,,,,,,,,,0.8501298701298702,,,
KIAA0895,1.0,,,,,,,,,,,,,,,,,,0.996274217585693,,,
KIF26B,,,,,,,,,,,,,,,,1.0,,,,,,
KIF5A,0.9957138147049126,,,,,,,,,,,,,,,,,,1.0,,,
KIFAP3,1.0,,,,,,,,,,,,,,,,,,0.9657001414427157,,,
KIFC3,0.9255877210025257,,,,,,,,,,,,,,,,,,1.0,,,
KIRREL3,,,,1.0,,,,,,,,,,,,,,,,,,
KISS1R,1.0,,,,,,,,,,,,,,,,,,0.897892090504738,,,
KIT,0.7593038326235882,,,,,,,,,,,,,,,,,,1.0,,,
KLHDC7A,,,,,,,,,,,,,,1.0,,,,,,,,
KLHL1,,,,,,,,,,,,,,,,,,,1.0,,,
KLHL14,1.0,,,,,,,,,0.9477821448624367,,,,,,,,,,,0.9831555306007861,
KLHL6,,,,,,,,,,,,,,,,,,,1.0,,,
KLK10,1.0,,,,,,,,,,,,,,,,,,,,,
KLK13,1.0,,,,,,,,,,,,,,,,,,0.9582055214723926,,,
KLK6,0.7312546399406087,,,,,,,,,,,,,,,,,,1.0,,,
KLK7,1.0,,,,,,,,,,,,,,,,,,,,,
KLK8,,,,,,,,,,,,,,,,,,,1.0,,,
KLRG1,,0.7248979591836734,,0.9102040816326531,,,,,,0.9302040816326529,,,,,,0.5706122448979591,,,1.0,,,
KLRG2,1.0,,,,,,,,,,,,,,,,,,0.8088285812435588,,,
KNDC1,0.9758961681087762,,,,,,,,,,,,,,,,,,1.0,,,
KRT19,,,1.0,,,,,,,,,,,,,,,,,,,
KRT20,,,1.0,,,,,,,,,,,,,,,,,,,
KRT7,,,,,,,,,,,,,,,,,,,1.0,,,
KRT8,1.0,,,,,,,,,,,,,,,,,,0.9756407925831667,,,
KRTAP5-11,0.9670610809082187,,,,,,,,,,,,,,,,,,1.0,,,
KYNU,1.0,,,,,,,,,,,,,,,,,,0.8139963167587477,,,
LAMP3,,,,,,,,,,0.670319421776638,,,,,,,,,1.0,,0.6623921660060621,
LAMP5,,,0.7312454479242535,,,,,,,0.738164603058995,,,,,,,1.0,,0.8106336489439185,,,
LAPTM4B,1.0,,,,,,,,,,,,,,,,,,0.7852821335967404,,,
LARGE2,,,,,,,,1.0,,,,,,,,,,,,,,
LCK,1.0,,,,,,,,,,,,,,,,,,,,,
LDB2,0.8679838347552762,1.0,,,,,,,,,,,,,,,,,,,,
LDHD,1.0,,,,,,,,,,,,,,,,,,0.9973118279569892,,,
LDLRAD4,0.7745643973414766,,,,,,,,,,,,,,,,,,1.0,,,
LEAP2,1.0,,,,,,,,,,,,,,,,,,0.9435158501440921,,,
LEFTY2,1.0,,,,0.8008625063419584,,,,,0.7364282090309489,,,,,,,,,0.7929984779299848,,,
LFNG,0.6478098953715198,,,,,,,,,,,,,,,1.0,,,0.7428622096116332,,,
LGALS12,1.0,,,,,,,,,,,,,,,,,,,,,
LGALS3,,,,,,,,,,0.5869619308285643,,,,,,,,,1.0,,,
LGI4,0.9661957618567103,,,,,,,,,,,,,,,,,,1.0,,,
LHFPL4,0.7750730282375852,,,,,,,,,,,,,,,,,,1.0,,,
LIFR,,,1.0,,,,,,,,,,,,,,,,0.8619238476953908,,,
LIMS2,1.0,,,,,,,,,,,,,,,,,,0.8917028917028917,,,
LINGO1,,,,,,,,,,1.0,,,,,,,,,,,,
LIPH,,,,,,,,,,1.0,,,,,,,,,,,0.8214428058987644,
LMCD1,,,0.7212222687316869,0.7007115948095438,1.0,,,,,0.9242360820426957,,,,,,,,,0.9489326077856844,,0.8815403934700712,
LMNTD1,,,1.0,,,,,,,,,,,,,,,,,,,
LMO2,,,,,,,,,,,,,,,,,,,1.0,,,
LMO3,,1.0,,,,,,,,0.9347030678300027,,,,,,,,,,,0.784688995215311,
LOXL3,0.8728345005528935,,,,,,,,,,,,,,,,,,1.0,,,
LOXL4,0.9990694789081885,,,,,,,,,0.8306451612903225,,,,,,,,,1.0,,,
LPA,0.9418532338308457,,,,,,,,,1.0,,,,,,,,,0.9536691542288557,,0.9017412935323383,
LPAR3,1.0,,,,,,,,,0.9342641070389761,,,,,,,,,,,,
LPGAT1,0.9026019690576652,,,,,,,,,,,,,,,,,,1.0,,,
LPIN1,,,,,,,,,,,,,,,,,,,1.0,,,
LPL,1.0,,,,,,,,,0.6274881516587677,,,,,,,,,0.6473933649289099,,,
LPO,1.0,,,,,,,,,,,,,,,,,,0.9981085681861169,,,
LRATD2,,,,,1.0,,,,,,,,,,,0.9463379260333575,,,,,,
LRIG3,0.9439220953660176,,0.8717259905977167,0.9560107454667564,,,,,,0.8102753525856279,,,,,,,,,1.0,,,
LRP10,0.8634196891191711,,,,,,,,,,,,,,,,,,1.0,,,
LRP11,1.0,,,,,,,,,,,,,,,,,,0.9799754083962762,,,
LRP1B,,,,,,,,,,,,,,,,,,,,,1.0,
LRRC2,,,,,,,,,,1.0,,,,,,,,,,,0.7957110609480813,
LRRC32,,,0.7740072202166065,,,,,,,,,,,,,,,,1.0,,,
LRRC4,1.0,,,,,,,,,,,,,,,,,,0.9397513547975773,,,
LRRC55,,,,,,,,,,,,,,,,,,,1.0,,,
LRRC7,,,,1.0,,,,,,,,,,,,,,,,,,
LRRK1,1.0,,,,,,,,,,,,,,,,,,0.9892372484791765,,,
LRRN3,,,,1.0,,,,,,0.5845677647579041,,,,,,,0.5808091974353307,,0.5682069422949371,,0.7716117621047978,
LRRN4,1.0,,,,,,,,,,,,,,,,,,0.9997210210629099,,,
LYN,0.8590225563909774,,,,,,,,,0.7424812030075187,,,,,,,,,0.8468045112781954,,1.0,
LYPD3,1.0,,,,,,,,,,,,,,,,,,0.9248232229251954,,,
LZTS1,,,,,,,,,,,,,,,,,,,1.0,,,
MACC1,1.0,,,,,,,,,,,,,,,,,,0.9087560215358459,,,
MAGI3,,,1.0,,,,,,,,,,,,,,,,,,,
MAML3,1.0,,,0.7529524417491222,0.7711458665815513,,,,,,,,,,,,,,0.969677625279285,,,
MAN1A1,,,0.9678178963893249,0.8555729984301413,,,,,,,,,,,,,,,1.0,,,
MANEA,,,,1.0,,,,,,,,,,,,,,,,,,
MAP2,1.0,,,,,,,,,,,,,,,,,,,,,
MAPK10,0.8503649635036498,,,0.8667883211678833,,,,0.7755474452554745,,0.7248175182481752,,,,,,,,,1.0,,0.7875912408759125,
MAPK4,,,,,,,,,,1.0,,,,,,,,,,,,
MAT1A,,,,,,,,,,1.0,,,,,,,,,,,,
MATK,1.0,,,,,,,,,,,,,,,,,,0.6553103921344462,,,
MCC,1.0,,,,,,,,,,,,,,,,,,0.9775928297055059,,,
MCCC1,,,,,,,,,,,,,,,,,,,1.0,,,
MCF2L2,0.8465266558966076,,,,,,,,,,,,,,,,,,1.0,,,
MCOLN2,,,,,,,,,,,,,,,,,,,,1.0,,
MCUB,,,1.0,,,,,,,,,,,,,,,,,,0.9062626262626261,
MEDAG,1.0,,,,,,,,,,,,,,,,,,0.9133489461358314,,,0.6664436266309802
MEGF11,0.829657278588395,,,,,,,,,1.0,,,,,,,,,0.8686800135731252,,,
MEGF9,0.9971301852334985,,,,,,,,,,,,,,,,,,1.0,,,
MEIOB,1.0,,,,,,,,,,,,,,,,,,0.946759764346498,,,
MEPE,1.0,,,,,,,,,,,,,,,,,,0.9066852367688023,,,
MERTK,,,1.0,,,,,,,,,,,,,,,,,,,
METTL7A,,,,,,,,,,,,,,,,,,,1.0,,,
MFAP4,,,,,,,,,,1.0,,,,,,,,,,,,
MFNG,0.9685676642198382,,,,,,,,,,,,,,,,,,1.0,,,
MGAT5B,1.0,,,,,,,,,,,,,,,,,,0.7936849659131683,0.699318263365626,,
MKX,1.0,,,,,,,,,,,,,,,,,,,,,
MLKL,,,,,,,,,,,,,,,,,,,1.0,0.9202927215189873,,
MMP14,0.8462383305875893,,,,,,,,,,,,,,,,,,1.0,,,
MMP15,,,,,,,,,,,,,,,,,,,1.0,,,
MMP17,,,,,,,,,,1.0,,,,,,,,,,,,
MMP25,1.0,,,,,,,,,,,,,,,,,,,,,
MOB3B,1.0,,,,,,,,,,,,,,,,,,0.7273643541071728,,,
MOBP,0.8403593642017969,,,,,,,,,,,,,,,,,,1.0,,,
MOK,1.0,,,,,,,,,,,,,,,,,,,,,
MPP7,,,0.8691631992602867,1.0,,,,,,,,,,,,,,,,,,
MSMB,,,,,,,,,,1.0,,,,,,,,,,,0.8455428067078553,
MSR1,,,1.0,0.7402152641878671,0.8473581213307242,,,,,,,,,,,,,,,,0.7284735812133073,
MT1M,0.624450811843362,,,,,,,,,,,,,,,,,,1.0,,,
MT1X,1.0,,,,,,,,,,,,,,,,,,0.8372237141086553,,,
MT2A,1.0,,,,,,,,,,,,,,,,,,0.9585308056872037,,,
MT3,,,,,,,,,,1.0,,,,,,,,,,,,
MTTP,,,0.7073825503355704,,0.6775167785234899,,,,,0.8583892617449664,,,,,,,,,,,1.0,
MTUS1,0.7846184901090028,,,,,,,,,,,,,,,,,,0.982438433589019,,,1.0
MYADM,1.0,,,,,,,,,,,,,,,,,,0.7314039408866996,,,
MYCT1,,,,,,,,,,,,,,,,,,,,,,
MYEOV,,,,,,,,,,,,,,,,,,,,,1.0,0.8580955909596147
MYH8,1.0,,,,,,,,,,,,,,,,,,,,,
MYL9,0.8600736454497632,,,,,,,,,,,,,,,,,,,,1.0,
MYLK3,,,,,,,,,,,,,,,,,,,1.0,,,
MYMX,0.8086908991527741,,,,,,,,0.9723968297349003,,,,,,,,,,1.0,0.8802951626127358,,
MYO7B,0.7806289793555855,,,,,,,,,,,,,,,,,,1.0,,,
MYOCD,1.0,,,,0.8258890469416785,,,,,,,,,,,,,,0.9914651493598863,,,
MYORG,,,0.9932458510227712,1.0,,,,,0.8917406406792745,,,,,,,,,,,,,
NAAA,,,,,,,,,,1.0,,,,,,,,,,,,
NALCN,0.8961240310077518,,,,0.85968992248062,,,,,1.0,,,,,,,,,,,,
NANOGP8,,,,,,,,,,,,,,,,,,,1.0,,,
NAV2,0.8182799568189997,,,0.955379632961497,,,,,,1.0,,,,,,,,,0.654911838790932,,,
NBPF12,1.0,,,,,,,,,,,,,,,,,,,,,
NBPF20,,1.0,,,,,,,,,,,,,,,,,,,,
NCALD,1.0,,0.8818958818958818,,,,,,,,,,,,,,,,,,,
NCAN,0.7706163805235013,,,,,,,,,,,,,,,,,0.8027019420208275,,,,1.0
NCR1,1.0,,,,,,,,,,,,,,,,,,0.7549915397631135,,0.8338409475465313,
NDNF,,,,,,,,,,,,,,,,,,,1.0,,,
NECAB2,1.0,,,,,,,,,,,,,,,,,,0.9883490332176499,,,
NECTIN3,,,,,,,,,,,,,,,,,,,1.0,,,
NEGR1,,,,,,,,,,,,,,,,1.0,,,,,,
NELL1,1.0,,,,,,,,,,,,,,,,,,0.824026197862806,,,
NELL2,1.0,,0.7608751608751609,0.9083655083655084,,,,,,0.8857142857142858,,,,,,,,,0.9992277992277994,,0.5495495495495496,
NETO1,1.0,,,,,,,,,,,,,,,,,,,,,
NEXN,,,,,,,,,,,,,,,,,,,1.0,,,
NFASC,,,,,,,,,,,,,,,,,,,1.0,,,
NGFR,0.9384748700173311,,,,,,,,,,,,,,,,,,1.0,,,
NID2,,,,,,,,,,,,,,,,,,,,,1.0,
NKAIN1,1.0,,,,,,,,,,,,,,,,,,,,,
NKX1-2,,,1.0,,,0.99511328298534,,,,,,,,,,,,,,,,
NLRC5,,,1.0,,,,,0.8646884272997033,,,,,,,,,,,,,,
NLRP7,0.9957046668214535,,,,,,,,,,,,,,,,,,1.0,,,
NMNAT2,,,,,,,,,,,,,,,,,,,1.0,,,
NMRK1,,,,,,,,,,,,,,,,,,,,,1.0,
NOD1,,,,,,,,,,,,,,,,,,,,,1.0,
NOG,0.8726503759398496,,,,,,,,,,,,,,,,,1.0,0.9060150375939849,,,
NPAP1,,,,,,1.0,,,,,,,,,,,,,,,,
NPC1L1,,,,,,,,,,,,,,,,1.0,,,,,,
NPHS1,1.0,,,,,,,,,,,,,,,,,,,,,
NPNT,1.0,,,,,,,,,,,,,,,,,,0.8048780487804879,,,
NPPA,1.0,,,,,,,,,,,,,,,,,,0.9925,,,
NPPB,,,,,,,,,,,,,,,,,,1.0,0.9815888169110126,,,
NPPC,1.0,,,,,,,,,,,,,,,,,,,,,
NPR3,1.0,,,,,,,,,,,,,,,,,,,,,
NPTX1,,,,,,,,,,,,,,,,,,,1.0,,,
NPW,,,,,,,,,,,,,,,,0.9320285638719914,,,,1.0,,0.7111875165300184
NRP1,1.0,,,,,,,,,,,,,,,,,,,,,
NRXN2,0.9352941176470588,,,,,,,,,,,,,,,,,,1.0,,,
NSG1,0.9529767040552201,,0.731090020132298,,,,,,,,,,,,,,,,1.0,,,
NTM,,,,,,,,,,0.9297878697340902,,,,,,,,,1.0,,,
NTN1,1.0,,,0.8656340057636888,,,,,,,,,,,,,,,,,,
NTN4,0.7760051052967453,,0.6713465220165923,,,,,,,0.9412890874282068,,,,,,,,,1.0,,,
NTRK1,0.6904180901252643,,,,,,,,,,,,,,,,,,1.0,,,
NTRK3,,,,,,,,,,1.0,,,,,,,,,,,,
NUAK1,,,,,,,,,,,,,,1.0,,,,,,,0.9767885532591414,
NUDT4,1.0,,,,,,,,,,,,,,,,,,0.8941176470588236,,,
NUTM1,1.0,,,,,,,,,,,,,,,,,,0.8526923076923077,,,
NXN,,,,,1.0,,,,,,,,,,,,,,,,,
NXNL2,1.0,,,,,,,,0.7271615008156608,,,,,,,,,0.6345840130505709,0.8115823817292007,,,
OAF,1.0,,,,,,,,,,,,,,,,,,0.6303724928366763,,,
OAS3,1.0,,,,,,,,,,,,,,,,,,,,,
OLFM1,,,,,,,,,,,,,,,,,,,1.0,,,
OLFM3,,,,,,,,,,,,,,,,,,,1.0,,,
OLFML1,1.0,,,,,,,,,,,,,,,,,,,,,
OLFML2B,1.0,,,,,,,,,,,,,,,,,,0.7418141592920353,,,
OLFML3,,,,1.0,,,,,,,,,,,,,,,,,,
OLR1,1.0,,,,,,,,,,,,,,,,,,,,,
OPALIN,,,,,,,,,,1.0,,,,,,,,,,,,
OPRD1,,,,,,,,,0.9366741033121675,,,,,,,,,,1.0,,,
OPTC,,,,,,,,,,1.0,,,,,,,,,,,0.920877659574468,0.9308510638297871
OR10A3,,,,,,,,,,1.0,,,,,,,,,,,,
OR10A6,0.8029424877396345,,1.0,,,,,,,0.7356219349086046,,,,,,,,,0.9188586714222023,,,
OR51M1,1.0,,,,,,,,,,,,,,,,,,0.7756241787122208,,,
OR52A1,1.0,,,,,,,,,,,,,,,,,,,,,
OR52N2,1.0,,,,,,,,,,,,,,,,,,,,,
OSCAR,,,,,,,,,,0.7218489106088374,,,,,,,,,,,1.0,
OSGIN1,,,,,,,,,,,,,,,,,,,1.0,,,
OVCH2,1.0,,,,,,,,,,,,,,,,,,,,,
OXTR,1.0,,0.7960728649160161,,,,,,,,,,,,,,,,0.6105985332387036,,,
P2RX2,,,,,,,,,,,,,,,,,,,1.0,,,
P3H2,0.9907881269191403,,,,,,,,,,,,,,,,,,1.0,,,
PAH,,,,,,,,,,,,,,,,,,,1.0,,,
PALLD,,,,0.9820450395617772,,,,,,,,,,,,,,,1.0,,,
PALM3,1.0,,,,,,,,,,,,,,,,,0.6525846234584098,0.6447126738388874,,,
PARVG,,,,,,,,,,,,,,,,,,,1.0,,,
PCBD1,0.5821545157780196,,,,,,,,,,,,,,,,,0.6376496191512514,0.736126224156692,1.0,,
PCBP3,1.0,,,,,,,,,,,,,,,,,,,,,
PCDH10,1.0,,,,,,,,,,,,,,,,,,0.9428805684613284,,,
PCDH18,0.9695916594265855,,,0.8562119895742831,0.9022589052997394,,,,,,,,,,,0.9387489139878367,,,1.0,,,
PCDH7,1.0,,,,,,,,,,,,,,,,,,,,0.9120447019867551,
PCSK1,,,,,,,,,,,,,,,,1.0,,,,,,
PCSK2,,,,,,,,,,,,,,,,,,,1.0,,,
PDE10A,,,,1.0,,0.8361471861471862,,,,,,,,,,,,,,,,
PDE3A,0.985256736146416,,,,,,,,,1.0,,,,,,,,,,,,
PDE4D,0.923809523809524,,,,0.8151515151515153,,,,,,,,,,,,,,1.0,,,
PDIA2,,,,,,,,,,,,,,,,,,,1.0,,,
PDYN,0.8055085769509541,,,1.0,,,,,,,,,,,,,,,0.8862043971973906,,0.8680840782797776,
PDZK1,,,,,,,,,,,,,,,,,,,1.0,,,
PDZRN4,,,,,,,,,,,,,,,,,,,1.0,,,
PELI2,,,,,,,,,,0.9908289241622574,,,,,0.9065255731922399,,,,,,1.0,
PERP,0.8378600823045268,,1.0,,,,,,,,,,,,,,,,,,,
PGBD5,,,,,,,,,,0.9124629080118694,,,,,,,,,1.0,,,
PHC1,,,,,,,,,,,,,,,,,,,1.0,,,
PHF24,1.0,,,,,,,,,,,,,,,,,,0.9438814097715928,,,
PHYHIP,0.8535617959701729,,,,,,,1.0,,,,,,,,,,,0.7071235919403459,,,
PIK3R5,,0.9689922480620154,,,,,,,,0.8608174770965468,,0.8322762508809021,0.8252290345313601,,,,,,0.9908386187455954,,1.0,
PIPOX,1.0,,,,,,,,,,,,,,,,,,,,,
PIWIL2,1.0,,,,,,,,,,,,,,,,,,0.9036144578313253,,,
PKHD1L1,0.8083670715249662,,,,,,,,,,,,,,,,,1.0,,,,
PKLR,1.0,,,,,,,,,,,,,,,,,,0.6610564474365616,0.6716727084412223,,
PLA1A,1.0,,,,,,,,,,,,,,,,,,0.583022884513039,,,
PLA2G12B,0.806999306999307,,,,,,,,0.5627165627165627,,,,,,,,,,1.0,0.7775467775467775,,
PLA2G2A,1.0,,,,,,,,,,,,,,,,,,0.9495479731700204,,,
PLA2G4C,,,,,,,,,,1.0,,,,,,,,0.888412017167382,,,,
PLAC8,0.7138324873096445,,,,,,,,,,,,,,,,,,1.0,,,
PLAC9,1.0,,,,,,,,,,,,,,,,,,,,0.7187161918499819,
PLCE1,1.0,,,,,,,,,,,,,,,,,,,,,
PLCXD3,1.0,,,,,,,,,,,,,,,,,,,,,
PLEK2,1.0,,,,,,,,,,,,,,,,,,,,,
PLEKHA2,1.0,,,,,,,,,,,,,,,,,,,,,
PLEKHF1,,,,,,,,,,1.0,,,,,,,,,,,,
PLEKHG6,1.0,,,,,,,,,,,,,,,,,,,,0.7406369426751591,
PLEKHM3,,,,,,,,,,,,,,,,,,,1.0,,,
PLPP4,,,,,,,,,,,,,,,,,,,,1.0,,
PLPPR4,,,,0.9777823920265779,,,,,,,,,,,,,,,1.0,,,
PLPPR5,0.8570800351802991,,0.7805628847845205,0.9916446789797713,,,,,,1.0,,,,,,,0.7365875109938433,,,,0.704485488126649,
PLSCR4,,,,,,,,,,1.0,,,,,,,,,,,,
PLXNA2,0.8680851063829786,,,,,,0.7983633387888707,,,,,,,1.0,,,,,,,,
PLXNA4,,,,,,1.0,,,,,,,,,,,,,,,,
PMAIP1,1.0,,,,,,,,,,,,,,,,,,,,,
PMEPA1,0.7027659574468085,,,1.0,,,,,,0.6929787234042553,,,,,,,,,0.7074468085106382,,,
PNPLA3,1.0,,,,,,,,,,,,,,,,,,0.9821428571428571,,,
PON1,,,,,,,,,,,,,,,,,,,1.0,,,
POSTN,1.0,,,,,0.9523809523809523,,,,,,,,,,,,,0.997289972899729,,,
POU5F1B,1.0,,,,,,,,,,,,,,,,,,,,,
PPARGC1A,0.704757233938205,,,,,,,,,,,,,1.0,,,,,0.6922511034820991,,,
PPARGC1B,,,,,,,,,,,,,,,,,,,1.0,,,
PPFIA2,,,1.0,,,,,,,,,,,,,,,,0.8811029597773843,,,
PPFIBP2,1.0,,,,,,,,,,,,,,,,,,0.9463319302465424,,,
PPIP5K1,1.0,,,,,,,,,,,,,,,,,,,,,
PPM1E,,,,,,,,,1.0,,,,,,,,,,,,,
PPP1R17,1.0,,,,,,,,,0.8181818181818182,,,,,,,,,0.8997933884297521,,0.8267906336088154,
PPP1R3C,,,,,,,,,,,,,,,,,,,1.0,,,
PPP4R4,,,,,,,,,,,,,,,,,,,,,,
PRAG1,0.7707654723127035,,,,,,,,,,,,,,,,,,1.0,,0.6866856677524431,
PRKCA,,,,,,,,,,,,,,,,,,,1.0,,,
PRKCB,,,,,,,,,,,,,,,,,,,,,1.0,
PRMT8,0.9345524542829643,,,,,,,,,,,,,,,,,,1.0,,,
PRND,,,,,,,,,,,,,,,,,,,1.0,,,
PROKR2,1.0,,,,,,,,,,,,,,,,,,,,,
PROM1,,,,,,,,,,,,,,,,,,,1.0,,,
PROS1,1.0,,0.9931075226467112,,,,,,,,,,,,,,,,,,,
PRR16,,,,1.0,,,,,,,,,,,,,,,,,,
PRSS1,,,,1.0,,,,,,,,,,,,,,,,,,
PRSS51,1.0,,,,,,,,,,,,,,,,,,,,,
PSTPIP1,1.0,,,,,,,,,,,,,,,,,,0.8212927756653992,,,
PTGER2,,,1.0,,0.6522018643522982,,,,,,,,,,,,,,,0.7698489231758276,,
PTGES,1.0,,,,,,,,,,,,,,,,,,,,,
PTGFR,,,,,,,,,,,,,,,,,,,,,1.0,
PTGIS,,,,,,,,,,,,,,,,,,,,,1.0,
PTGR1,1.0,,,,,,,,,,,,,,,,,,,,,
PTGS1,,,,1.0,,,,,,,,,,,,,,,,,,
PTH1R,1.0,,,,,,,,,,,,,,,,,,0.8362847849656667,,,
PTPRM,1.0,,0.8018653894630704,,,,,,,0.5734812200655408,,,,,,,,,0.9072346861608268,,,
PTPRO,,,1.0,,,,,,,,,,,,,,,,0.953063885267275,,,
PTPRZ1,1.0,,0.6826375711574952,,,,,,,0.7628083491461101,,,,,,,,,0.9003795066413663,,0.6627134724857685,
PTX3,1.0,,,,,,,,,,,,,,,,,,,,,
PVALB,,,,,,,,,,,,,,,,,,1.0,,,,
QPCT,1.0,,,,,,,,,,,,,,,,,,,,,
QRFPR,,,,,,,,,,1.0,,,,,,,,,,,,
RAB32,,,1.0,,,,,,,,,,,,,,,,,,,
RAB42,1.0,,,,,,,,,,,,,,,,,,,,,
RAB6D,,1.0,,,,,,,,,,,,,,,,,,,,
RAI1,1.0,,,,,,,,,,,,,,,,,,0.9879427279577995,,,
RAMP2,,,,,,,,,,,,,,,,,,,,1.0,,
RAMP3,,,,,,,,,,,,,,,,,,,1.0,,,
RAPGEF5,1.0,,,0.9063205417607224,,,,,,0.9390519187358918,,,,,,,,,,,,
RASAL1,1.0,,,,,,,,,,,,,,,,,,,,,
RASD2,1.0,,,,,,,,,,,,,,,,,,,,,
RASGEF1B,,,,1.0,,,,,,,,,,,,,,,,,,
RASGRF1,,,,,,,,,,,,,,,,,,,1.0,,,
RASGRP1,0.7218376337319069,,,,,,,,,,,,,,,,,,0.6636249213341724,,1.0,
RASGRP3,,,,1.0,0.6380638063806381,,,,,,,,,,,,,,,,,
RASL11A,1.0,,,,,,,,,,,,,,,,,,,,,
RASSF10,0.609382967873534,,,0.9913309535951046,0.6899541050484447,,,,,,,,,,,,,,0.5859255481896992,1.0,,
RASSF5,1.0,,,,,,,,,,,,,,,,,,0.9153890937318067,,,
RBFOX3,1.0,,,,,,,,,,,,,,,,,,,,,
RBM24,1.0,,,,,,,,,,,,,,,,,,,,,
RBP7,1.0,,,,,,,,,,,,,,,,,,,,,
RCN3,,,,,,,,,,,,,,,0.8437567160971416,,,,0.7941113260262196,,1.0,
RDH12,,,,,,,,,,,,,,,,,,,,,1.0,
RELN,0.8289877300613497,,,,,,,,,,,,,,,,,,1.0,,,
RFTN2,,,,,,,,,,,,,,,,,,,1.0,,,
RGS10,1.0,,,,,,,,,,,,,,,,,,,,,
RGS7,1.0,,,,,,,,,,,,,,,,,,,,,
RHBDL2,,,,,,,,,,,,,,,,,,,1.0,,,
RHBDL3,1.0,,,,,,,,,,,,,,,,,,0.8084704612894524,,,
RHOBTB3,,,,,,,,,,,,,,,,,,,,,1.0,
RIPK2,0.541743400859423,,0.7182320441988951,0.545426642111725,,,,,,,,,,,,,,,,,1.0,
RIPOR1,1.0,,,,,,,,,,,,,,,,,,0.9337104072398189,,,
RIPOR2,0.9982905982905983,,0.6514529914529915,,,,,,,0.6716239316239316,,,,,,,,,1.0,,0.7964102564102564,
RIPOR3,,,,,,,,,,,,,,,,1.0,,,,,,
RND3,,,1.0,,,,,,,,,,,,,,,,,,,
RNF125,,,,,,,,,,1.0,,,,,,,,,,,,
RNF144B,,,,,,,,,,1.0,,,,,,,,,,,,
RNF152,0.7752514210756449,,,,,,,,,,,,,,,,,,1.0,,,
RNF175,1.0,,,0.7177296307598413,,,,,,,,,,,,,,,0.829722306988099,,,
ROR2,,,,,,,,,,,,,,,,,,,1.0,,,
RPRM,1.0,,,,,,,,,,,,,,,,,,0.8145346171480973,,,
RSPO2,0.7796691825919384,,,,,,,,,,,,,,,,,,1.0,,,
RTL1,,,,,,,,,,,,,,,,,,,0.9002022926500337,,1.0,
RTN4RL2,,,,,,,,,,,,,,,,,,,,,,
RUBCNL,1.0,,,,,,,,,,,,,,,,,,0.8239420683412536,,,
RYR1,0.8146067415730336,,,,,,,0.7303370786516853,,0.940863394441159,,,,,,,,,0.940863394441159,,,1.0
S100A10,1.0,,,,,,,,,,,,,,,,,,,,,
S100A16,0.763785394932936,,,,,,,,,,,,,,,0.592585692995529,,,1.0,,,
S100A2,,,,,,,,,,1.0,,,,,,,,,,,0.8745810055865922,
S100A4,0.9601108033240997,,,,,,,,,,,,,,,,,,1.0,,,
S100Z,1.0,,,,,,,,,,,,,,,,,,,,,
S1PR3,,,,,,,,,,0.8063380281690142,,,,,,,,,1.0,,,
SACM1L,,,,,,,,,,,,,,,,,,,1.0,,,
SACS,1.0,,,0.7454092748210396,,,,,,,,,,,,,,,0.7264239028944912,,0.9405539993775287,
SAMD11,0.6820908311910883,,,,,,,0.951585261353899,,,,,,0.7720651242502143,,,,,0.9473007712082264,1.0,0.9348757497857756,
SAMD15,1.0,,,,,,,,,,,,,,,,,,0.7153201760613375,,,
SAMD3,1.0,,,,,,,,,,,,,,,,,,,,,
SAMD5,,,,,,,,,,,,,,,,,,,0.9693769799366421,,,1.0
SAMHD1,1.0,,,,,,,,,,,,,,,,,,0.8300164323534782,,,
SCARA5,,,,,,,,,,,,,,,,,,,,,1.0,
SCD5,1.0,,,,0.7474377745241582,,,,,,,,,,,,,,0.9037335285505124,,,
SCG2,,,,1.0,,,,,,,,,,,,,,,,,,
SCG3,,,,,1.0,,,,,,,,,,,,,,0.9633558341369334,,,
SCGB3A2,,,,,,,,,,,,,,,,,,,1.0,,,
SCIN,,,,,,,,,,,,,,,,,,,0.815406976744186,1.0,,
SCN2A,,,,,,,,,,,,,,,,,,,1.0,,,
SCN4A,1.0,,,,,,,,,,,,,,,,,,0.9846907532149419,,,
SCN4B,1.0,,,,,,,,,,,,,,,,,,,,,
SCN5A,1.0,,,,,,,,,,,,,,,,,,,,,
SCN7A,,,0.7634978469691952,1.0,,,,,,0.7499171911228885,,,,,,,,,,,0.7634978469691952,
SCN9A,,,,,0.8972198820556023,,,,,0.8740522325189554,,,,,,,,,1.0,,,
SCNN1G,,,,,,,,,,,,,,,,,,,1.0,,,
SCUBE1,1.0,,,,,,,,,,,,,,,,,,,,,
SDC1,,,,,,,,,,,,,,,,,,,1.0,,,
SEC14L2,0.9968615143193409,,,,,,,,,,,,,,,,,,1.0,,,
SEC14L4,0.8497251069028712,,,,,,,,,,,,,,,,,,1.0,,,
SEL1L3,1.0,,,,,,,,,,,,,,,,,,0.9854014598540146,,,
SELENOP,1.0,,0.5997725980670836,,,,,0.7185901080159183,,,,,,,,,,,0.8749289368959636,,,
SEMA3D,1.0,,,,,,,,,,,,,,,,,,,,,
SEMA3E,1.0,,,,,,,,,0.7871249038214927,,,,,,,,,,,,
SEMA6D,,,0.9390693003013056,1.0,,,,,,,,,,,,,,,,,,
SERHL2,,,,,,,,,,,,,,,,,,,1.0,,,
SERINC3,0.9607192254495159,,,,,,,,,,,,,,,,,,1.0,,,
SERPINA10,,,,,,,,,,,,,,,,,,,1.0,,,
SERPINB6,,,,,,,,,,,,,,,,,,,1.0,,,
SERPINB9,,,,,,,,,,,,,,,,,,,1.0,,,
SERPINE2,,0.7702702702702702,0.9253200568990042,1.0,,,,,,,,,,,,,,,,,,
SERTM1,1.0,,,,,,,,,,,,,,,,,,0.8459924464960134,,0.9819555182543014,
SETD7,0.8439123559972893,,,,,,,,,,,,,,,,,,1.0,,,
SEZ6L,1.0,,,,,,,,,,,,,,,,,,0.8901670775130102,,,
SFRP2,,,,,,,,1.0,,,,,,,,,,,0.9825274278748477,,,
SFRP5,1.0,,,,0.9154518950437318,,,,,,,,,,,,,,0.8722060252672496,,,
SGK1,0.9789097988319273,,,,,,,,,1.0,,,,,,,,,0.9169370538611291,,,
SH2D5,,0.9170716889428919,,0.9298298906439855,,,,,,1.0,,,,,,,,,,,0.856318347509113,
SH3BGR,0.9809646717212454,,,,,,,,,,,,,,,,,,1.0,,,
SHANK2,1.0,,,,,,,,,,,,,,,,,,0.7659980897803246,,,
SHB,0.7040104620749781,,,,0.6987794245858762,,,,,,,0.6996512641673931,,,,,,,1.0,0.9546643417611158,0.7092414995640802,
SHC2,,,,,,,,,,,,,,,,,,,,,1.0,
SHD,,,,,,,,,,,,,,,,,,,1.0,,,
SHISA2,,,,,,,,,,0.8216453135536076,,,,,,,0.8975050573162509,,,,1.0,
SHISA3,,,,,,,,,,,,,,,,,,,,,1.0,
SHISA7,0.8608990670059372,,1.0,0.6306191687871077,,,,,,,,,,,,,,,0.5916030534351145,,,
SHISAL1,1.0,,,,,,,,,,,,,,,,,,0.859864300626305,,,
SIT1,1.0,,,,,,,,,,,,,,,,,,,,,0.8907843826943369
SLA,,,,,,,,,,,,,,,,,,,,,1.0,
SLAMF1,1.0,,,,,,,,,,,,,,,,,,,,,
SLC12A1,1.0,,,,,,,,,,,,,,,,,,,,,
SLC15A3,1.0,,,,,,,,,,,,,,,,,,,,,
SLC17A6,0.5918430884184308,,,,,,,,,0.773038605230386,,,,,,,,,1.0,,,
SLC1A1,,0.7716593245227608,0.8370044052863437,0.842143906020558,0.9229074889867841,,,,,,,,,,,,,,,,1.0,
SLC1A3,0.8542345276872965,,,,,,,,,,,,,,,,,,1.0,,,
SLC22A7,1.0,,,,,,,,,,,,,,,,,,0.692127368626685,,,
SLC24A4,,,,,,,,,,,,,,,,,,,1.0,,,
SLC25A12,1.0,,,,,,,,,0.9771745835903765,,,,,,,,,,,,
SLC28A2,,,,,,,,,,,,,,,,,,,,,,
SLC2A1,1.0,,,,,,,,,,,,,,,,,,0.6856567136838249,,,
SLC2A14,1.0,,,,0.9314799213704014,,,,,,,,,,,,,,0.9918562201628754,0.9831508003369839,,
SLC2A3,,,,,,,,,,,,1.0,,,,,,,,,,
SLC30A3,,,,,,,,,,,,,,,,,,,,0.8621877691645133,,1.0
SLC30A4,,,,,,,,,,,,,,,,,,,0.8086038124678,,1.0,
SLC34A2,1.0,,,,0.7962229265715796,,,,,,,,0.6844955097728473,,,,,,,,,
SLC35A3,,,,,,,,,,1.0,,,,,,,,,,,,
SLC35F3,1.0,,,,,,,,,,,,,,,,,,,,,
SLC38A4,,,,0.7259559675550404,1.0,,,,,0.8650057937427578,,,,,,,,,0.7891077636152954,0.8099652375434531,0.8928157589803012,
SLC39A8,,,,1.0,,,,,,,,,,,,,,,,,,
SLC43A1,0.9108996539792388,,,,,,,,,,,,,,,0.5870818915801614,,,1.0,0.5458477508650519,0.6802191464821222,0.6548442906574394
SLC46A3,,,,,,,,,,0.844954881050041,1.0,,,,,,,,,,,
SLC4A11,1.0,,,,,,,,,,,,,,,,,,0.8949795990775236,,,
SLC4A4,,,,,,,,,,,,,,,,1.0,,,,,,
SLC5A2,1.0,,,,,,,,,,,,,,,,,,0.8887288440763415,,,
SLC5A5,1.0,,,,,,,,,,,,,,,,,,0.8358208955223881,,,
SLC5A9,1.0,,,,,,,,,,,,,,,,,,0.6610622850592281,,,
SLC6A15,,,,,,,,,,,,,,,,,,,1.0,,,
SLC6A20,1.0,,,,,,,,,,,,,,,,,,0.814503415659485,,,
SLC6A3,,,,,,,,,,,,,,,,,,,,,,
SLC6A4,,,,,,,,,,,,,,,,,,,1.0,,0.8022883295194508,
SLC7A5,1.0,,,,,,,,,,,,,,,,,,,,,
SLC7A7,0.9798833819241983,,0.7871720116618076,0.6816326530612246,,,,,,,,,,,,,,,1.0,,,
SLC7A8,1.0,,,,,,,,,,,,,,,,,,0.9072463768115941,,,
SLCO2A1,0.982560917343526,,,,,,,,,,,,,,,,,,1.0,,,
SLCO4A1,,,,,,,,,,,,,,,,,,,,,1.0,
SLFN11,,,,,,,,,,,,,,,,1.0,,,,,,
SLFN5,1.0,,0.9433848016954284,,,0.9079624583711777,,,,,,,,,,,,,0.9987889797154103,,,
SLITRK3,,,,1.0,,,,,,,,,,,,,,,,,,
SMAP2,,,,0.6661129568106313,,,,,,1.0,,,,,,,,,0.7992109634551496,,0.6326827242524917,
SMIM24,1.0,,,,,,,0.8047457627118644,,,,,,,,,,,0.8549152542372881,,,
SMIM3,1.0,,,,,,,,,,,,,,,,,,,,,
SMOC1,,,,,,,,,0.794192997438087,,,,,,,0.950469684030743,,,0.7959009393680615,1.0,0.7105038428693424,0.5516652433817251
SMPD1,0.9082047116165719,,,,,,,,,,,,,,,,,,1.0,,,
SMTNL2,,,,,,,,,,,,,,,,,,,,,,
SNCAIP,,,,,,,,,,1.0,,,,,,,,,,,,
SNTG2,,,,,,,,,,,,,,,,,,,,,,
SORBS2,,,,1.0,,,,,,0.7863470557582074,,,,,,,,,0.9538822303282959,,,
SORCS1,0.871327849588719,,0.738836662749706,,,,,,,,,,,,,0.7032902467685076,,,1.0,,,
SORCS3,1.0,,,,,,,,,,,,,,,,,,,,0.9240906694781232,
SPAM1,1.0,,,,,,,,,,,,,,,,,,,,,
SPATA12,0.8685279187817259,,,,,,,,,,,,,,,,,,1.0,,,
SPATA16,1.0,,,,,,,,,,,,,,,,,,0.8233009708737865,,,
SPATA7,1.0,,,,,,,,,,,,,,,,,,,,,
SPATA9,0.9932279909706546,,,,,,,,,,,,,,,,,,1.0,,,
SPINK2,1.0,,,,,,,,,,,,,,,,,,0.9984552008238928,,,
SPN,,,,,,,,1.0,,,,,,,,,,,,,,
SPNS2,,,,,,,,,,,,,,,,,,,1.0,,,
SPOCK1,,,,,,,,,,,,,,,,,,,,,1.0,
SPOCK3,,,1.0,0.8035657433938237,,,,,,,,,,,,,,,,,,
SPON1,,,,,,,,,,,,,,,,,,,1.0,,,
SPRED2,,,,,,,,,,,,,,,,,,,1.0,,,
SPRR3,,,,,,,,,,,,,,,,,,,1.0,,,
SPSB1,0.9982357658380112,,,,,,,,,,,,,,,,,,1.0,,,
SPTSSB,,,,,,,,,,1.0,,,,,,,,,,,,
SPX,,0.8394179894179895,,1.0,,,,,,,,,,,,,,,,,,
SRGAP3,,,1.0,,,,,,,,,,,,,,,,,,,
SSTR2,0.9302832244008714,,,,,,,,,,,,,,,,,,1.0,,,
SSUH2,0.8345776948203453,,,,,,,,,,,,,,,,,,1.0,,,
ST3GAL5,1.0,,,,,,,,,,,,,,,,,,0.8682316655243317,,,
ST3GAL6,0.9660743134087239,,,,,,,,,,,,,,,,,,1.0,,,
ST6GALNAC2,,,,,,,,,,,,,,,,,,,,,,1.0
ST6GALNAC3,0.9212812160694899,,,,,,,,,,,,,,,,,,0.949511400651466,,1.0,
ST8SIA4,0.9105723370429253,,,,,,,,,,,,,,,1.0,,,,,,
ST8SIA5,0.5818942961800105,,,,,,,,,,,,,,,,,,1.0,,,
STARD9,,,,,,,,,,0.71875,,,,,,,,,,1.0,,
STC1,0.8701754385964912,,1.0,,,,,,,,,,,,,,,,0.9473684210526315,,,
STEAP1,1.0,,,,,,,,,,,,,,,,,,0.9512195121951219,,,
STEAP1B,1.0,,,,,,,,,,,,,,,,,,,,,
STEAP2,0.8095987411487018,,,,,,,,,0.9737739312877001,,,,,,,,,1.0,,,
STK31,,,,,,,,,,,,,,,,,,,1.0,,,
STK32B,1.0,,,,,,,,,,,,,,,,,,0.9178590355060944,,,
STMN2,,,,,,,,,,,,,,,,,,,1.0,0.7959450621321125,,
STX11,,,,,,,,,1.0,,,,,,,,,,,,,
STXBP6,0.9183976261127597,,1.0,,,,,,,,,,,,,,,,0.8056379821958457,,0.9462166172106825,
SULF1,,,,,,,,,,,1.0,,,,,,,,,,,
SULF2,1.0,,,,,,,,,,,,,,,,,,,,,
SULT2A1,,,,,,,,,,,,,,,,,,,,,,1.0
SUSD2,,,,,,,,,,,,,,,,,,1.0,,,,
SVOP,0.9036357218496293,,,,,,,,,,,,,,,,,,,,,1.0
SYK,,,,,,,,,,,,,,,,,,,1.0,,,
SYN3,1.0,0.6413597733711047,,0.8753541076487252,,,,,,,,,,,,,,,0.9592067988668554,,,
SYNE1,1.0,,,0.8759370314842579,,,,,,,,,,,,,,,0.846326836581709,,0.9823838080959519,
SYNE3,1.0,,,,,,,,,,,,,,,,,,,,,
SYNPO2,,,,,,,,,,,,,,,,,,,1.0,,,
SYNPR,,,1.0,,,,,,,,,,,,,,,,,,,
SYT12,1.0,,,,,,,,,,,,,,,,,,,,,
SYT13,1.0,,,,,,,,,,,,,,,,,,0.956821722679724,,,
SYT16,,,,1.0,,,,,,,,,,,,0.8502089360334298,,,,,,
SYT17,0.9960362400906003,,,,,,,,,,,,,,,,,,1.0,,,
SYT2,,,,,,,,,,,,,,,,,,,1.0,,,
TAC1,0.9549430161675059,,,,,,,,,,,,,,,,,,1.0,,,
TAC3,1.0,,,,,,,,,,,,,,,,,,,,,
TACR1,,,,,,,,,,,,,,,,,,,1.0,,,
TACR3,,,,1.0,,,,,,,,,,,,,,,,,,
TAFA4,1.0,,,,,,,,,,,,,,,,,,0.7217687074829932,,,
TAGLN,,,,,,,,,,,,,,,,,,,,,,1.0
TAGLN2,0.9788583509513743,,,,,,,,,,,,,,,,,,1.0,,,
TAP1,1.0,,,,,,,,,,,,,,,,,,,,,
TAP2,0.8120279720279721,,,,,,,,,,,,,,,,,,1.0,,,
TBC1D12,1.0,,,,,,,,,,,,,,,,,,,,,
TBC1D9,,,,1.0,,,,,,0.9111949685534592,,,,,,,,,0.9854088050314465,,,
TBXAS1,1.0,,,,,,,,,,,,,,,,,,0.9183836235544329,,,
TCERG1L,1.0,,,,,,,,,,,,,,,,,,,,,
TCL1A,,,,,,,,1.0,,,,,,,,,,,,,,
TDRD5,0.8068709377901578,,,0.8351903435468895,1.0,,,,,,,,,,,,,,,,,
TDRD7,,,,,,,,,,0.9728890144027111,,,,,,,,,1.0,,,
TENM2,,,,,,,,,,,,,,,,,,,,,,
TENM4,,,,,,,,,,,,,,,,,,,1.0,,,
TESC,0.5770893371757925,,,,,,,,,,,,,,,,,,1.0,,,
TESPA1,0.9414789422135162,,,,,,,,,,,,,,,,,,1.0,,,
TEX101,,,,,,,,,,0.7797956867196368,,,,,,,,,1.0,,,
TEX15,1.0,,,,,,,,,,,,,,,,,,,,,0.8856592540710909
TGFA,0.7870897748847301,,,,,,,,,,,,,,,,,,0.7355573637103335,,,1.0
THY1,,,,,,,,,,1.0,,,,,,,,,,,,
TICAM1,0.6191803735712296,,,,,,,,,,,,,,,,,,1.0,,,0.7343183718985224
TIE1,0.7506775067750676,,,,,,,,,,,,,,,,,,1.0,,,0.6619857107661985
TIMP3,0.9245225826007881,,,,,,,,,,,,,,,,,,1.0,,0.6532282509851469,
TIMP4,1.0,,,,,,,,,,,,,,,,,,,,,
TIPARP,1.0,,,,,,,,,,,,,,,,,,,,,
TLCD3B,1.0,,,,,,,,,,,,,,,,,,0.8101443464314354,,,
TLCD4,,,,,,,,,,0.6132629107981221,,1.0,,,,,,,,,0.9577464788732394,
TLE2,0.9731434384537132,,,,,,,,,,,,,,,,,,1.0,,,
TLE6,,,,,,,,,,0.8155696625459405,,,,,,,,,1.0,,0.9027731373204143,
TLR3,,,,,,,,,1.0,,,,,,,,,,,,,
TMC1,0.8944288984991098,,,,,,,,,,,,,,,,,,1.0,,,
TMC7,1.0,,,,,0.6515687662184477,,,,,,,,,,,,,0.9322953526775183,,,
TMEFF2,,,,,,,,,,,,,,,,,,,,,1.0,
TMEM106A,,,,,,,,,,,,,,1.0,,,,,0.7973174366616991,,,
TMEM114,,,,,,,,,,1.0,,,,,,,,,,,0.9991511035653651,
TMEM132C,0.9965205288796103,,,,,,,,,,,,,,,,,,1.0,,,
TMEM135,,,,,,,,,,,,,,,,,,,,,1.0,
TMEM14B,,,,,,,,,,,,,,,,,,,,1.0,,
TMEM150C,,,,,,,,,,1.0,,,,,,,,,,,,
TMEM151B,0.6779056573188523,,,,,,,,,,,,,,,,,,1.0,,,
TMEM158,,,,,,,,,,,,,,,,,,,1.0,,,
TMEM163,,,,,,,,,,,,,,,,,,,1.0,,,
TMEM171,,,0.7240829346092504,0.9385964912280703,,,,,,,,,,,,,,,1.0,,,
TMEM178B,,,,,,,,,,,,,,,,,,,1.0,,,
TMEM191B,0.6137239784117192,,,,,,,,,,,,,,,,,,1.0,,0.8234387047031612,0.8045489591364687
TMEM200B,0.9322916666666666,,,,,,,,,,,,,,,,,,1.0,,,
TMEM253,,,,,,,,,,,,,,,,,,,,,1.0,0.9624607479303455
TMEM26,1.0,,,,,,,,,,,,,,,,,,0.9845320959010054,,,
TMEM86A,1.0,,,,,,,,,,,,,,,,,,,,,
TMOD1,0.8145854833161333,,,,,,,,,0.7272101823185414,,,,,,,,,1.0,,0.6701066391468868,
TNC,1.0,,0.9302902979373567,,,,,,,,,,,,,,,,,,,
TNFRSF10C,1.0,,,,,,,,,,,,,,,,,,0.9046511627906978,0.9872093023255815,,
TNFRSF11B,,,,,,,,,,,1.0,,,,,,,,,,,
TNFRSF1B,0.8847289109833775,,,,,,,,,,,,,,,,,,1.0,,,
TNFRSF21,,,1.0,,,,,,,,,,,,,,,,,,,
TNFRSF8,1.0,,,,,,,,,,,,,,,,,,0.8614819759679573,,,
TNFSF11,1.0,,,,,,,,,,,,,,,,,,,,,
TNN,,,,,,,,,,,,,,,,,,,1.0,,,
TNNC2,1.0,,0.9061624649859944,,,,,,,,,,,,,,,,0.6298519407763106,,,
TNNT2,1.0,,,,,,,,,,,,,,,,,,0.8928865131578948,,,
TNR,,,,,,,,,,,,,,,,,,,1.0,,,
TNRC18,0.8575070821529746,,,,,,,,,,,,,,,,,,1.0,,,
TOM1L2,0.9061058845231507,,,0.7498616491422246,,,,,,,,0.6364139457664637,,,,,,,1.0,,,
TP53INP2,,,,,,,,,,,,,,,,,,,1.0,,,
TP53TG5,0.8585218702865762,,,,,,,,,,,,,,,,,,1.0,,,
TPK1,1.0,,,,,,,,,,,,,,,,,,0.9364548494983278,,,
TPO,0.9364919354838709,,,,,,,,,,,,,,,,,,1.0,,,
TRABD2B,0.7985267768265977,,,,,,,,,,,,,,,,,,1.0,,,
TRDN,1.0,,,,,,,,,,,,,,,,,,,,,
TREML2,1.0,,,,,,,,,,,,,,,,,,,,,
TRH,1.0,,,,,,,,,,,,,,,,,,,,,
TRIB2,,,,1.0,,,,,,,,,,,,,,,,,,
TRIM14,0.8988467874794072,,,,,,,,,,,,,,,,,,1.0,,,
TRIM22,1.0,,,,,,,,,,,,,,,,,,,,,
TRIM73,0.8506959088991988,,,,,,,,,0.9919865035849853,,,,,,,,,0.9995782370307889,,1.0,
TRIM9,,,,,,,,,,0.8098909864397767,,,,,,,,,1.0,,,
TRMT44,,,,,,,,,,,,,,,,,,,,1.0,,
TRMT9B,,0.8016717325227963,1.0,,,,,,,,,,,,,,,,0.9278115501519757,,,
TRPA1,1.0,,0.9158723580605057,0.8773311230832989,,,,,,0.8201409034397017,,,,,,,,,0.8752590136759222,,,
TRPM2,,,1.0,,,,,,,,,,,,,,,,,,,
TRPM3,,,,,,,,,,,,,,,,,,,1.0,,,
TRPM6,1.0,,,,,,,,,,,,,,,,,,0.9997334754797441,,,
TRPV3,0.8873061095283318,,,,,,,,,,,,,,,,,,,,0.8037353592909148,1.0
TSKU,1.0,,,,,,,,,,,,,,,,,,0.9780447390223695,0.9123860811930407,,
TSPAN11,,,,,,,,,,,,,,,0.7157142857142856,,,,1.0,,0.7928571428571429,
TSPAN5,1.0,,,,,,,,,,,,,,,,,,,,,
TSPAN8,1.0,,,0.720034742327736,,,,,,,,,,,,,,,,,,
TTBK1,,,,,,,,,,,,,,,,,,,1.0,,,
TTC22,1.0,,,,,,,,,,,,,,,,,,,,,
TTLL6,1.0,,,,,,,,,,,,,,,0.6555731642894875,,,,,,
TTN,,,,,,,,,,0.8760330578512397,,,,,,1.0,,,0.8880022798518097,,0.9586776859504134,
TTPA,0.6472361809045226,,,,,,,,,,,,,,,,,,1.0,,,
TTYH1,0.9913398692810457,,,,,,,,,,,,,,,,,,1.0,,,
TUBA4A,1.0,,,,,,,,,,,,,,,,,,,,,
UBE2L6,0.9551254480286738,,1.0,0.6801433691756272,,,,,,,,,,,,,,,0.9716129032258065,,,
UBE2QL1,,,,1.0,,,,,,,,,,,,,,,0.9217347956131606,,,
UCMA,0.6902460456942002,,,,,,,,,,,,,,,,,,1.0,0.7398945518453426,,
UGP2,,,,,,,,,,1.0,,,,,,,,,,,,
UGT8,0.8680497925311204,,0.9383125864453666,,,,,,,,,,,,,,,,1.0,,,
UNC13A,0.7940384270066438,,,,,,,,,,,,,,,,,0.8498832824564553,1.0,,,
UNC13C,1.0,,,0.8082682291666667,,,,,,,,,,,,,,,0.71875,,0.607421875,
UNC50,,,,,,,,,,,,,,,,1.0,,0.7128386336866902,,,,
UNC79,1.0,,,,,,,,,,,,,,,,,,0.9125083166999334,,,
UPK1B,,,,,,,,,,,,,,,,1.0,,,,,,
UPK3B,,,1.0,,,,,,,,,,,,,,,,,,,
USH1G,,,1.0,,,,,,,,,,,,,,,,,,,
USP2,1.0,,,,,,,,,,,,,,,,,,0.7963980463980465,,,
VAMP5,,,,,,,,,,,,,,,,,,,,,,1.0
VANGL1,1.0,,,,,,,,,,,,,,,,,,,,,
VASH2,1.0,,,,,,,,,,,,,,,,,,,,,
VCAM1,,,1.0,,,,,,,,,,,,,,,,,,,
VIL1,,,,,,,,,,,,,,,,,,,,,1.0,
VSTM1,,,,,,,,,,,,,,,,,,,,,,1.0
VSTM2B,,,,,,,,,,,,,,,,,,,1.0,,,
VWA3B,,,,,,,,,,,,,,,,,,,1.0,,,
VWA5B1,1.0,,,,,,,,,,,,,,,,,,,,,
VWDE,1.0,,,,,,,,,0.7207615593834996,,,,,,,,,0.9848141432456935,,,
VWF,,,,,,,,,,,,,,,,,,,1.0,,,
WDR86,0.698903290129611,,,,,,,,,,,,,,,,,,1.0,,,
WDR93,0.9709302325581395,,,,,,,,,,,,,,,,,,1.0,,,
WFDC2,1.0,,,,,,,,,,,,,,,,,,,,,
WIF1,,,,,,,,,,,,,,,,,,,1.0,,,
WLS,0.9877580071174378,,,,,,,,,,,,,,,,,,1.0,,,
WNT3,,,,,,,,,,,,,,,,,,,,,1.0,
WNT5A,0.9359999999999999,,,,,,,,,,,,,,,,,,1.0,,,
WNT8A,1.0,,,,,,,,,,,,,,,,,,,,,
WSCD1,,,,,,,,,,1.0,,,,,,,,,,,,
YPEL2,,,,0.8103492225337754,,,,,,1.0,,,,,,,,,,,,
YPEL5,1.0,,,,,,,,,,,,,,,,,,0.9799838253133845,,,
ZDHHC14,0.9668700959023538,,,,,,,,,1.0,,,,,,,,,0.8700959023539668,,,
ZDHHC2,0.9701762313601446,,,,,,,,,,,,,,,,,,1.0,,,
ZNF365,1.0,,,,,,,,,,,,,,,,,,,,,
ZNF385C,,,,,,,,,,,,,,,,,,,1.0,,,
ZNF703,,,,,,,0.8251666013328106,,,,,,,,,,,,,,,1.0
ZSWIM5,1.0,,,,,,,,,,,,,,,,,0.9638470451911936,0.9156431054461184,,,
